S NO,PG NAME,PAYMENT TYPE,PAYMEN MODE,CONTACT,LOCATION,OPERATOR NAME,BEDS ,SPOC,RATE PER BED (RS),DISCOUNTS,PLAN,MONTHS,AMOUNT,18% GST,TOTAL,PAYMENT MONTH,PAYMENT DATE ,PLAN START MONT,MRR MONTH,NEXT PAY MONTH,RENEWAL MONTH,MONTH WISE,Q WISE,INVOICE,INCENTIVES,REMARKS,MRR,MRR AMOUNT,CRIB CODE
1,(M)  NATIONAL MEN's HOSTEL,FIRST PAY,FULL PAYMENT,9789008563,EKAATTUTHANGAL,RAJESH,306,PARTHA,₹19.00,34.48%,SILVER,1,5814,1047,6850,Oct 2023,8-Oct-2023,1-Oct-2023,Oct 23,30 November 2023,November 2023,"₹12,868","₹98,333",PDF,581,,5814,7514,
2,(M) SAI ANBALAYAAS MEN'S HOSTEL,FIRST PAY,FULL PAYMENT,6383777615,VANDALUR,ANBALAGAN,170,PARTHA,₹10.00,47.37%,BRONZE,3,5100,918,6018,Oct 2023,31-Oct-2023,1-Oct-2023,Oct 23,31 January 2024,January 2024,,,PDF,510,,1700,,
3,(M) ISHA LIVING PG,FIRST PAY,FULL PAYMENT,8838388245,PORUR,MADHU SUDHANAN,34,PARTHA,₹23.20,20.00%,SILVER,3,2366,426,2792,Nov 2023,30-Nov-2023,1-Dec-2023,Dec 23,29 February 2024,February 2024,"₹22,345",,PDF,237,,789,6312,
4,(M)  NATIONAL MEN's HOSTEL  ,RENEWAL PAY,FULL PAYMENT,9789008563,EKAATTUTHANGAL,RAJESH,306,PARTHA,₹18.05,37.76%,SILVER,3,16570,2983,19552,Nov 2023,30-Nov-2023,1-Dec-2023,Dec 23,29 February 2024,February 2024,,,PDF,828,,5523,,
5,(M) JR MENS Hostel,FIRST PAY,FULL PAYMENT,8925415772,Anna Nagar,RADHAKRISHANAN,116,PARTHA,₹15.00,48.28%,SILVER,3,5220,940,6160,Dec 2023,1-Dec-2023,1-Dec-2023,Dec 23,29 February 2024,February 2024,"₹63,120",,PDF,522,,1740,9425,
6,(M) PRAISE PG FOR MENS,FIRST PAY,FULL PAYMENT,6383602525,PORUR,MANOHAR ANTONY,40,PARTHA,₹29.00,0.00%,SILVER,1,1160,209,1368,Dec 2023,1-Dec-2023,1-Dec-2023,Dec 23,1 January 2024,January 2024,,,PDF,116,,1160,,
7,(M) Aspirant Hostels,FIRST PAY,FULL PAYMENT,9600079086,ANNA NAGAR,KARTHIKEYAN,46,PARTHA,₹19.00,34.48%,SILVER,3,2622,472,3093,Dec 2023,8-Dec-2023,8-Dec-2023,Dec 23,8 March 2024,March 2024,,,PDF,262,,874,,
8,"(M) ""WE ARE"" LADIES HOMESTEL",FIRST PAY,FULL PAYMENT,8754694089,AMINJAKARAI,SUBBU,53,PARTHA,₹40.00,18.37%,GOLD,1,2120,382,2500,Dec 2023,20-Dec-2023,1-Jan-2024,Jan 24,1 February 2024,February 2024,,,PDF,212,,2120,,
9,(M) GREEN HOME LADIES HOSTEL,FIRST PAY,FULL PAYMENT,9994345752,THORAIPAKKAM,KARTHICK G,319,PARTHA,₹11.07,61.83%,SILVER,12,42373,7627,50000,Dec 2023,22-Dec-2023,1-Jan-2024,Jan 24,31 December 2024,December 2024,,,PDF,4237,,3531,,
10,(M) Ravikumar Shanmugam ,FIRST PAY,FULL PAYMENT,9944415541,COIMBATORE,RAVIKUMAR,3,PARTHA,₹29.00,0.00%,SILVER,3,261,47,308,Jan 2024,2-Jan-2024,1-Jan-2024,Jan 24,1 April 2024,April 2024,"₹79,005","₹134,661",PDF,26,Not paid they April month ,87,7213,
11,(M) PRAISE PG FOR MENS  ,RENEWAL PAY,FULL PAYMENT,6383602525,PORUR,MANOHAR ANTONY,40,PARTHA,₹29.00,0.00%,SILVER,1,1160,209,1368,Jan 2024,4-Jan-2024,5-Jan-2024,,5 February 2024,February 2024,,,PDF,58,,1160,,
12,(M) KAVITHA'S LADIES HOSTEL,FIRST PAY,FULL PAYMENT,9841002122,VELACHERY,GANDHI,446,PARTHA,₹9.00,52.63%,BRONZE,12,48168,8670,56837,Jan 2024,20-Jan-2024,19-Jan-2024,Jan 24,19 January 2025,January 2025,,,PDF,4817,,4014,,
13,(M) SRINIVASAN OWNER RENTAL HOUSE,FIRST PAY,FULL PAYMENT,9176477037,MEDAVAKKAM,GOKUL,19,PARTHA,₹29.00,0.00%,SILVER,1,551,99,649,Jan 2024,27-Jan-2024,1-Feb-2024,Feb 24,1 March 2024,March 2024,,,PDF,55,,551,,
14,(M) SR PG BOARDING,FIRST PAY,FULL PAYMENT,9600108444,KANCHIPURAM,SUMATHI REDDY,52,PARTHA,₹26.95,45.00%,GOLD,12,16817,3027,19843,Jan 2024,31-Jan-2024,1-Feb-2024,Feb 24,1 February 2025,February 2025,,,PDF,1682,,1401,,
15,(M) SAI ANBALAYAAS MEN'S HOSTEL,RENEWAL PAY,FULL PAYMENT,6383777615,VANDALUR,ANBALAGAN,170,PARTHA,₹10.00,47.37%,BRONZE,3,5100,918,6018,Feb 2024,3-Feb-2024,1-Feb-2024,,1 May 2024,May 2024,"₹26,169",,PDF,255,,1700,3550,
16,"(M) ""WE ARE"" LADIES HOMESTEL",RENEWAL PAY,FULL PAYMENT,8754694089,AMINJAKARAI,SUBBU,53,PARTHA,₹24.50,50.00%,GOLD,12,15582,2805,18200,Feb 2024,12-Feb-2024,1-Feb-2024,,1 February 2025,February 2025,,,PDF,779,,1299,,
17,(M) SRINIVASAN OWNER RENTAL HOUSE,RENEWAL PAY,FULL PAYMENT,9176477037,MEDAVAKKAM,GOKUL,19,PARTHA,₹29.00,0.00%,SILVER,3,1653,298,1951,Feb 2024,25-Feb-2024,1-Mar-2024,,1 June 2024,June 2024,,,PDF,83,,551,,
18,(M) ISHA LIVING PG,RENEWAL PAY,FULL PAYMENT,8838388245,PORUR,MADHU SUDHANAN,34,PARTHA,₹20.00,31.03%,SILVER,3,2040,367,2407,Mar 2024,1-Mar-2024,1-Mar-2024,,31 May 2024,May 2024,"₹29,487",,PDF,102,2407 Need to pay APRIL 04 2024 he need 6M plan,680,9103,
19,(M)  NATIONAL MEN's HOSTEL  ,RENEWAL PAY,FULL PAYMENT,9789008563,EKAATTUTHANGAL,RAJESH,306,PARTHA,₹18.05,37.76%,SILVER,3,16570,2983,19552,Mar 2024,4-Mar-2024,1-Mar-2024,,1 June 2024,June 2024,,,PDF,828,,5523,,
20,(M) JR MENS Hostel,RENEWAL PAY,FULL PAYMENT,8925415772,Anna Nagar,RADHAKRISHANAN,116,PARTHA,₹15.00,48.28%,SILVER,3,5220,940,6160,Mar 2024,5-Mar-2024,1-Mar-2024,,1 June 2024,June 2024,,,PDF,261,,1740,,
21,(M) PRAISE PG FOR MENS,RENEWAL PAY,FULL PAYMENT,6383602525,PORUR,MANOHAR ANTONY,40,PARTHA,₹29.00,0.00%,SILVER,1,1160,209,1368,Mar 2024,11-Mar-2024,1-Feb-2024,,1 March 2024,March 2024,,,PDF,58,not paid 1 month  due ,1160,,
22,(M) SRI SELVA GANPATHY MENS HOSTEL,FIRST PAY,FULL PAYMENT,9884888341, SHOLINGNALUR ,UMAPATHI ,100,SANTHOSH,₹37.30,23.88%,GOLD,1,3730,671,4317,April 2024,8-Apr-2024,8-Apr-2024,Apr 24,1 May 2024,May 2024,"₹14,189","₹98,813",PDF,373,,3730,7936,
23,(M) GRM LADIES HOSTEL ,FIRST PAY,FULL PAYMENT,9500082131,T.NAGAR,GANESH,83,SANTHOSH,₹18.85,35.00%,SILVER,3,4694,845,5455,April 2024,10-Apr-2024,10-Apr-2024,Apr 24,1 July 2024,July 2024,,,PDF,469,Paid Without GST = 4693  and Paid GST = 844  | 5537 RS,1565,,
24,(M) SRINIVASAN OWNER RENTAL HOUSE,RENEWAL PAY,FULL PAYMENT,9176477037,MEDAVAKKAM,GOKUL,19,PARTHA,₹29.00,0.00%,SILVER,3,1653,298,1951,April 2024,23-Apr-2024,1-Jun-2024,,1 September 2024,September 2024,,,PDF,83,Invoice need to share on JUNE 01 2024 - DONE,551,,
25,(M) SRI KALA GENT'S PG,FIRST PAY,FULL PAYMENT,9445254892,THARAMANI,RAJESH,110,SANJAY,₹19.00,34.48%,SILVER,1,2090,376,2466,April 2024,29-Apr-2024,1-May-2024,May 24,1 June 2024,June 2024,,,PDF,209,29 RS Plan without online transcation | JUEN payment not paid,2090,,
26,VELS MENS HOSTEL,FIRST PAY,FULL PAYMENT,9962966533,PORUR,THANIGAIVEL NAGARAJAN,80,SANTHOSH,₹18.85,35.00%,SILVER,3,4524,814,5338,May 2024,7-May-2024,1-May-2024,May 24,1 August 2024,August 2024,"₹38,763",,PDF,452,,1508,9510,
27,(M) SAI ANBALAYAAS MEN'S HOSTEL,RENEWAL PAY,FULL PAYMENT,6383777615,VANDALUR,ANBALAGAN,170,PARTHA,₹10.00,47.37%,BRONZE,3,5100,918,6018,May 2024,8-May-2024,1-May-2024,,1 August 2024,August 2024,,,PDF,255,,1700,,
28,(M) ISHA LIVING PG,RENEWAL PAY,FULL PAYMENT,8838388245,PORUR,MADHU SUDHANAN,34,PARTHA,₹20.00,31.03%,SILVER,3,2040,367,2407,May 2024,8-May-2024,1-Jun-2024,,1 September 2024,September 2024,,,PDF,102,2407 Need to pay APRIL 04 2024 he needs 6M plan = PAID,680,,
29,(M)  QUEEN PARADISE LADIES HOSTEL ,FIRST PAY,FULL PAYMENT,7338940453,MEDAVAKKAM,R POORNIMA LATHA,233,SANTHOSH,₹15.16,47.72%,SILVER,6,21194,3815,25000,May 2024,11-May-2024,1-May-2024,May 24,1 November 2024,November 2024,,,PDF,2119,"12,500 Rs Paid + 12,500 RS need to pay before JUNE 01 2024 | Paid 12.5K on 25th JUNE 2024",3532,,
30,(M) DVR MENS HOSTEL,FIRST PAY,FULL PAYMENT,7871064647, ANNA NAGAR,SIRANJEEVI,88,SANTHOSH,₹21.75,25.00%,SILVER,3,5220,940,6160,June 2024,5-Jun-2024,1-Jun-2024,Jun 24,1 September 2024,September 2024,"₹45,862",,PDF,522,,1740,12993,
31,(M) SR PG BOARDING,RENEWAL PAY,FULL PAYMENT,9600108444,KANCHIPURAM,SUMATHI REDDY,75,PARTHA,₹24.50,50.00%,GOLD,7,12863,2315,15177,June 2024,8-Jun-2024,1-Jul-2024,Jul 24,1 February 2025,February 2025,,,PDF,1286,Already 52 Beds paid now 75 Beds paid total 127 BEDS,1838,,
32,(M) KEN MENS HOSTEL,FIRST PAY,FULL PAYMENT,9840635544,MOGAPPAIR ,KARTHICK ,40,SANTHOSH,₹21.75,25.00%,SILVER,3,2610,470,3080,June 2024,8-Jun-2024,1-Jun-2024,Jun 24,1 September 2024,September 2024,,,PDF,261,total beds is 60 Paid for 40 Beds,870,,
33,(M)  FEMINA MENS HOSTEL,FIRST PAY,FULL PAYMENT,9443816134,KODAMBAKKAM,RAJAN,205,PARTHA,₹15.00,48.28%,SILVER,3,9225,1661,10885,June 2024,16-Jun-2024,1-Jul-2024,Jul 24,1 October 2024,October 2024,,,PDF,923,total beds is 350+  Paid for 105  Beds - Invoice pending ,3075,,
34,(M) SRI SELVA GANPATHY MENS HOSTEL,RENEWAL PAY,FULL PAYMENT,9884888341, SHOLINGNALUR ,UMAPATHI ,100,SANTHOSH,₹37.30,23.88%,GOLD,1,3730,671,4401,June 2024,19-Jun-2024,1-May-2024,,1 June 2024,June 2024,,,PDF,187,June month due is pending - Invoice pending,3730,,
35,(M) JR MENS Hostel,RENEWAL PAY,FULL PAYMENT,8925415772,Anna Nagar,RADHAKRISHANAN,116,PARTHA,₹15.00,48.28%,SILVER,3,5220,940,6160,June 2024,20-Jun-2024,1-Jun-2024,,1 September 2024,September 2024,,,PDF,261,Invoice pending | Done,1740,,
36,(M) GRM LADIES HOSTEL ,RENEWAL PAY,FULL PAYMENT,9500082131,T.NAGAR,GANESH,83,PARTHA,₹18.85,35.00%,SILVER,3,4694,845,5539,July 2024,9-Jul-2024,1-Jul-2024,,1 October 2024,October 2024,"₹10,373","₹114,161",PDF,235,PAID JULY-AUG-SEP,1565,2844,
37,(M) GITANJALI  R,FIRST PAY,FULL PAYMENT,9845222572,ALWARPET,GITANJALI,1,PARTHA,₹29.00,0.00%,SILVER,12,348,63,410,July 2024,27-Jul-2024,1-Aug-2024,Aug 24,1 August 2025,August 2025,,,PDF,35,Paid for 12 months 01 bed,29,,
38,(M) FLORA MEN'S HOSTEL,FIRST PAY,FULL PAYMENT,9884985953,TAMBARAM,JAWAHARDEEN M A,125,SANJAY,₹10.00,47.37%,BRONZE,3,3750,675,4425,July 2024,23-Jul-2024,1-Aug-2024,Aug 24,1 November 2024,November 2024,,,PDF,375,PAID 125 BEDS only -actual 141 BEDS } After 3 months will plan to choose 1 year plan. AUG SEP OCT ,1250,,
39,(M) NARUVI PG,FIRST PAY,FULL PAYMENT,9894993015,ANNA NAGAR,NAVANEETHAN,125,SANJAY,₹22.05,55.00%,GOLD,3,8269,1488,9757,Aug 2024,5-Aug-2024,1-Aug-2024,Aug 24,1 November 2024,November 2024,"₹28,026",,PDF,976,https://crm.zoho.in/crm/org60017417615/tab/Accounts/414429000020350319 | Partial payment method ,2756,13187,
40,(M) SRI SELVA GANPATHY MENS HOSTEL,RENEWAL PAY,FULL PAYMENT,9884888341, SHOLINGNALUR ,UMAPATHI ,100,SANTHOSH,₹37.30,23.88%,GOLD,1,3730,671,4400,Aug 2024,3-Aug-2024,1-Jun-2024,,1 July 2024,July 2024,,,PDF,187,Invoice pending,3730,,
41,(M) SRI SELVA GANPATHY MENS HOSTEL,RENEWAL PAY,FULL PAYMENT,9884888341, SHOLINGNALUR ,UMAPATHI ,100,SANTHOSH,₹37.30,23.88%,GOLD,1,3730,671,4400,Aug 2024,4-Aug-2024,1-Jul-2024,,1 August 2024,August 2024,,,PDF,187,Aug month due is pending ,3730,,
42,(M) SAI ANBALAYAAS MEN'S HOSTEL,RENEWAL PAY,FULL PAYMENT,6383777615,VANDALUR,ANBALAGAN,170,PARTHA,₹10.00,47.37%,BRONZE,3,5100,918,6018,Aug 2024,6-Aug-2024,1-Aug-2024,,1 November 2024,November 2024,,,PDF,255,Inventory de activation pending,1700,,
43,VELS MENS HOSTEL,RENEWAL PAY,FULL PAYMENT,9962966533,PORUR,THANIGAIVEL NAGARAJAN,80,PARTHA,₹15.89,45.21%,SILVER,1,1271,229,1500,Aug 2024,13-Aug-2024,1-Aug-2024,,1 September 2024,September 2024,,,PDF,127,Invoice sent,1271,,
44,(M) SRINIVASAN OWNER RENTAL HOUSE,RENEWAL PAY,FULL PAYMENT,9176477037,MEDAVAKKAM,GOKUL,19,PARTHA,₹29.00,0.00%,SILVER,3,1653,298,1951,Sep 2024,26-Aug-2024,1-Sep-2024,,1 December 2024,December 2024,"₹75,761",,PDF,83,Invoice sent,551,20005,
45,(M) DVR MENS HOSTEL,RENEWAL PAY,FULL PAYMENT,7871064647, ANNA NAGAR,SIRANJEEVI,97,PARTHA,₹16.50,43.10%,SILVER,3,4802,864,5665,Sep 2024,2-Sep-2024,1-Sep-2024,,1 December 2024,December 2024,,,PDF,240,Invoice sent,1601,,
46,(M) T STAYS,FIRST PAY,FULL PAYMENT,9500084503,MOGAPPAIR,SATHIYARAJ,198,SANJAY,₹21.00,57.14%,GOLD,6,8316,1497,9813,Sep 2024,2-Sep-2024,1-Sep-2024,Sep 24,1 November 2024,November 2024,,,PDF,832,Invoice sent | https://crm.zoho.in/crm/org60017417615/tab/Accounts/414429000021688676,1386,,
47,(M) GTR PG,FIRST PAY,FULL PAYMENT,9345319319,NAVALUR,Thrivenureddy,220,SANJAY,₹5.78,69.58%,BRONZE,6,7630,1373,9000,Sep 2024,4-Sep-2024,1-Sep-2024,Sep 24,1 March 2025,March 2025,,,PDF,763,Invoice sent,1272,,
48,(M) KEN MENS HOSTEL,RENEWAL PAY,FULL PAYMENT,9840635544,MOGAPPAIR ,KARTHICK ,40,PARTHA,₹21.75,25.00%,SILVER,3,2610,470,3080,Sep 2024,4-Sep-2024,1-Sep-2024,,1 December 2024,December 2024,,,PDF,131,Invoice sent,870,,
49,(M) SAI SRINIVASA GENT'S PG ,FIRST PAY,FULL PAYMENT,8074227209,KARAPAKKAM,S Raghuramireddy,80,PARTHA,₹15.90,45.17%,SILVER,1,1272,229,1500,Sep 2024,5-Sep-2024,1-Sep-2024,Sep 24,1 October 2024,October 2024,,,PDF,127,Invoice sent,1272,,
50,(M) ISHA LIVING PG,RENEWAL PAY,FULL PAYMENT,8838388245,PORUR,MADHU SUDHANAN,34,PARTHA,₹20.00,31.03%,SILVER,3,2040,367,2407,Sep 2024,5-Sep-2024,1-Sep-2024,,1 December 2024,December 2024,,,PDF,102,Invoice sent,680,,
51,(M) SRR PG ,FIRST PAY,FULL PAYMENT,9943706673,SHOLINGANALLUR ,RAGHUL,67,PARTHA,₹21.75,25.00%,SILVER,3,4372,787,5159,Sep 2024,5-Sep-2024,1-Sep-2024,Sep 24,1 December 2024,December 2024,,,PDF,437,Invoice sent,1457,,
52,(M) VELS MENS HOSTEL,RENEWAL PAY,FULL PAYMENT,9962966533,PORUR,THANIGAIVEL NAGARAJAN,138,PARTHA,₹15.87,45.29%,SILVER,6,13136,2365,15500,Sep 2024,9-Sep-2024,1-Sep-2024,,1 March 2025,March 2025,,,PDF,657,Invoice sent,2189,,
53,(M) VINAYAK MEN'S & WOMEN'S HOSTEL,FIRST PAY,FULL PAYMENT,9566098058,SHOLINGANALLUR ,JAYANTHI GANESAN,130,SANJAY,₹30.00,38.78%,GOLD,1,3900,702,4601,Sep 2024,10-Sep-2024,1-Sep-2024,Sep 24,1 October 2024,October 2024,,,PDF,390,Invoice sent,3900,,
54,(M) JR MENS Hostel,RENEWAL PAY,FULL PAYMENT,8925415772,Anna Nagar,RADHAKRISHANAN,116,PARTHA,₹15.00,48.28%,SILVER,3,5220,940,6160,Sep 2024,21-Sep-2024,1-Sep-2024,,1 December 2024,December 2024,,,PDF,261,Invoice sent,1740,,
55,(M) AARADHAYA APARTMENT,FIRST PAY,FULL PAYMENT,7604804060, COIMBATORE,Sri Sudarshan S R,84,PARTHA,₹36.75,25.00%,GOLD,3,9261,1667,10927,Sep 2024,23-Sep-2024,1-Oct-2024,Oct 24,1 January 2025,January 2025,,,PDF,926,Invoice sent,3087,,
56,(M) RIYA HOSTEL,FIRST PAY,FULL PAYMENT,9047444323,PERUNGUDI,Ravi chandiran,120,SANJAY,₹15.00,48.28%,SILVER,6,10800,1944,12744,Oct 2024,30-Sep-2024,1-Oct-2024,Oct 24,1 April 2025,April 2025,"₹123,134","₹664,331",PDF,1080,Invoice sent,1800,23006,
57,(M) SLEEPY STAY,FIRST PAY,FULL PAYMENT,7200600615, COIMBATORE,Venkat R,48,PRAVEEN,₹6.00,68.42%,BRONZE,12,3456,622,4078,Oct 2024,01-Oct-2024,1-Oct-2024,Oct 24,1 October 2025,October 2025,,,PDF,346,Invoice sent,288,,
58,(M) SRI SELVA GANPATHY MENS HOSTEL,RENEWAL PAY,FULL PAYMENT,9884888341, SHOLINGNALUR ,UMAPATHI ,100,PARTHA,₹23.30,52.45%,GOLD,12,27960,5033,16500,Oct 2024,01-Oct-2024,1-Aug-2024,,1 November 2024,November 2024,,,,1398,16500 RS Pending paid on DEC 09 2024,2330,,
59,(M) GRM LADIES HOSTEL ,RENEWAL PAY,FULL PAYMENT,9500082131,T.NAGAR,GANESH,83,PARTHA,₹18.85,35.00%,SILVER,3,4694,845,5539,Oct 2024,5-Oct-2024,1-Oct-2024,,1 January 2025,January 2025,,,,235,Invoice sent,1565,,
60,(M) SAI SRINIVASA GENT'S PG ,RENEWAL PAY,FULL PAYMENT,8074227209,KARAPAKKAM,S Raghuramireddy,80,PARTHA,₹15.90,45.17%,SILVER,1,1272,229,1500,Oct 2024,5-Sep-2024,1-Oct-2024,,1 November 2024,November 2024,,,,64,Invoice sent,1272,,
61,(M) VAANAVIL LADIES HOSTEL,FIRST PAY,FULL PAYMENT,9500153253,PORUR,Usha,165,PARTHA,₹8.48,55.37%,BRONZE,3,4198,756,4950,Oct 2024,7-Oct-2024,1-Oct-2024,Oct 24,1 January 2025,January 2025,,,,420,Invoice sent,1399,,
62,(M) LINGA RESIDENCY,FIRST PAY,FULL PAYMENT,7010470642,MADIPAKKAM,SUDHARSON,27,SANJAY,₹20.30,30.00%,SILVER,6,3289,592,3880,Oct 2024,09-Oct-2024,1-Oct-2024,Oct 24,1 April 2025,April 2025,,,,329,Invoice sent,548,,
63,(M) SELVA SAI HOSTEL,FIRST PAY,FULL PAYMENT,8056031900, SHOLINGNALUR ,Suraj S A,211,SANJAY,₹12.29,57.62%,SILVER,12,31118,5601,36714,Oct 2024,12-Oct-2024,1-Nov-2024,Nov 24,1 November 2025,November 2025,,,,3112,Invoice sent,2593,,
64,(M) SRI KRISHNA GRAND STAY ,FIRST PAY,FULL PAYMENT,9121651913, SHOLINGNALUR ,Lokesh,120,SANJAY,₹30.00,38.78%,GOLD,3,10800,1944,12744,Oct 2024,13-Oct-2024,1-Nov-2024,Nov 24,1 February 2025,February 2025,,,,1080,Invoice sent,3600,,
65,(M) Jayiashree Guest House,FIRST PAY,FULL PAYMENT,9739042065,ERODE,Prabhu,50,PRAVEEN,₹12.72,56.14%,SILVER,12,7632,1374,9000,Oct 2024,16-Oct-2024,1-Oct-2024,Oct 24,1 October 2025,October 2025,,,,763,Invoice sent,636,,
66,(M) VINAYAK MEN'S & WOMEN'S HOSTEL,RENEWAL PAY,FULL PAYMENT,9566098058,SHOLINGANALLUR ,JAYANTHI GANESAN,130,SANJAY,₹30.00,38.78%,GOLD,1,3900,702,4602,Oct 2024,17-Oct-2024,1-Oct-2024,,1 November 2024,November 2024,,,,195,Invoice sent,3900,,
67,(M)  FEMINA MENS HOSTEL,RENEWAL PAY,FULL PAYMENT,9443816134,KODAMBAKKAM,RAJAN,205,PARTHA,₹15.00,48.28%,SILVER,3,9225,1661,10885,Oct 2024,22-Oct-2024,1-Oct-2024,,1 January 2025,January 2025,,,,461,Invoice sent,3075,,
68,(M) TSP PG ACCOMMODATION,FIRST PAY,FULL PAYMENT,9841108085,THIRUVANMIYUR ,SANTHANA KRISHNAN,25,SANJAY,₹29.00,0.00%,SILVER,1,725,131,855,Nov 2024,4-Nov-2024,1-Nov-2024,Nov 24,1 December 2024,December 2024,"₹145,549",,,85,Invoice sent,725,26374,
69,(M) NARUVI PG,PART 02,FULL PAYMENT,9894993015,ANNA NAGAR,NAVANEETHAN,125,SANJAY,₹22.05,55.00%,GOLD,3,8269,1488,9757,Nov 2024,5-Nov-2024,1-Aug-2024,,1 February 2025,February 2025,,,,488,https://crm.zoho.in/crm/org60017417615/tab/Accounts/414429000020350319 | Partial payment method ,2756,,
70,(M) KAMAL LUNAWATH,FIRST PAY,FULL PAYMENT,9841058158,ALWARPET, KAMAL LUNAWATH,1,PARTHA,₹29.00,0.00%,SILVER,6,174,31,205,Nov 2024,4-Nov-2024,1-Nov-2024,Nov 24,1 May 2025,May 2025,,,,21,Invoice sent,29,,
71,(M) T STAYS,PART 02,FULL PAYMENT,9500084503,MOGAPPAIR,SATHIYARAJ,198,SANJAY,₹21.00,57.14%,GOLD,6,8316,1497,9813,Nov 2024,5-Nov-2024,1-Sep-2024,,1 January 2025,January 2025,,,,416, https://crm.zoho.in/crm/org60017417615/tab/Accounts/414429000021688676,1386,,
72,(M) MAHALAKSHMI MEN'S & LADIES HOSTEL ,FIRST PAY,FULL PAYMENT,9952035896,RAMAPURAM ,MANOJ KUMAR BARIK,227,SANJAY,₹15.95,45.00%,SILVER,3,10862,1955,12817,Nov 2024,5-Nov-2024,1-Nov-2024,Nov 24,1 February 2025,February 2025,,,,1282,Invoice sent,3621,,
73,(M) SAI ANBALAYAAS MEN'S HOSTEL,RENEWAL PAY,FULL PAYMENT,6383777615,VANDALUR,ANBALAGAN,170,PARTHA,₹10.00,47.37%,BRONZE,3,5100,918,6018,Nov 2024,7-Nov-2024,1-Nov-2024,,1 February 2025,February 2025,,,,255,Invoice sent,1700,,
74,(M) FLORA MEN'S HOSTEL,RENEWAL PAY,FULL PAYMENT,9884985953,TAMBARAM,JAWAHARDEEN M A,125,SANJAY,₹10.00,47.37%,BRONZE,3,3750,675,4425,Nov 2024,7-Nov-2024,1-Nov-2024,,1 February 2025,February 2025,,,,188,Invoice pending | PAID 125 BEDS only -actual 141 BEDS } After 3 months will plan to choose 1 year plan. AUG SEP OCT ,1250,,
75,(M) SAI SRINIVASA GENT'S PG ,RENEWAL PAY,FULL PAYMENT,8074227209,KARAPAKKAM,S Raghuramireddy,80,PARTHA,₹15.90,45.17%,SILVER,1,1272,229,1500,Nov 2024,8-Nov-2024,1-Nov-2024,,1 December 2024,December 2024,,,,64,Invoice pending ,1272,,
76,(M) KSJ LADIES HOSTEL ,FIRST PAY,FULL PAYMENT,9790736737,PERUNGUDI ,JAI CHAKARAVARTHI,40,SANJAY,₹21.75,25.00%,SILVER,3,2610,470,3079,Nov 2024,09-Nov-2024,1-Nov-2024,Nov 24,1 February 2025,February 2025,,,,261,Invoice pending ,870,,
77,(M) ISHWARYA MANSION ,FIRST PAY,FULL PAYMENT,9629311151,COIMBATORE ,ARAVIND,110,PARTHA,₹12.71,56.17%,SILVER,12,16780,3020,"9,900",Nov 2024,11-Nov-2024,1-Nov-2024,Nov 24,1 May 2025,May 2025,,,,1678,"Invoice pending | Balance 9900 RS will pay by may 01 2025 || Total = 19,800 RS",1398,,
78,(M) VINAYAK MEN'S & WOMEN'S HOSTEL,RENEWAL PAY,FULL PAYMENT,9566098058,SHOLINGANALLUR ,JAYANTHI GANESAN,145,SANJAY,₹30.00,38.78%,GOLD,1,4350,783,5133,Nov 2024,09-Nov-2024,1-Nov-2024,,1 December 2024,December 2024,,,,218,Invoice pending ,4350,,
79,(M)  NATIONAL MEN'S HOSTEL,RENEWAL PAY,FULL PAYMENT,9789008563,EKAATTUTHANGAL,RAJESH,306,PARTHA,₹13.85,52.24%,SILVER,3,12714,2289,15000,Nov 2024,11-Nov-2024,1-Nov-2024,,1 February 2025,February 2025,,,,636,Invoice sent,4238,,
80, (M) SHRIRAM HOMES ,FIRST PAY,FULL PAYMENT,9791041927, MANAPAKKAM ,RAMALINGAM,70,SANJAY,₹10.00,47.37%,BRONZE,3,2100,378,2478,Nov 2024,12-Nov-2024,1-Nov-2024,Nov 24,1 February 2025,February 2025,,,,210,Invoice pending / Name correction,700,,
81,(M) VELS MENS HOSTEL,RENEWAL PAY,FULL PAYMENT,9962966533,PORUR,THANIGAIVEL NAGARAJAN,69,PARTHA,₹15.00,48.28%,SILVER,5,5175,932,6106,Nov 2024,9-Sep-2024,1-Nov-2024,,1 March 2025,March 2025,,,,259,Invoice sent,1035,,
82,(M) IN MEN'S AND PG HOSTEL ,FIRST PAY,FULL PAYMENT,9626833233,COIMBATORE ,ABIHI,48,PRAVEEN,₹21.75,25.00%,SILVER,3,3132,564,3695,Nov 2024,15-Nov-2024,1-Nov-2024,Nov 24,1 February 2025,February 2025,,,,313,Invoice pending ,1044,,
83,(M) TRANSHA LADIES HOSTEL,FIRST PAY,FULL PAYMENT,8078332333,KERALA,ASHIF A,89,PARTHA,₹24.50,50.00%,GOLD,12,26166,4710,30875,Nov 2024,23-Nov-2024,1-Dec-2024,Dec 24,1 December 2025,December 2025,,,,2617,Invoice sent,2181,,
84,(M) MAGNUM GOLD MEN’S PG ,FIRST PAY,FULL PAYMENT,8939783462,PORUR,VEL MURGAN,29,PARTHA,₹14.50,50.00%,SILVER,12,5046,908,5954,Nov 2024,25-Nov-2024,1-Dec-2024,Dec 24,1 December 2025,December 2025,,,,505,,421,,
85,(M) SRI SAI DELUXE PREMIUM LADIES PG,FIRST PAY,FULL PAYMENT,8977722233,THORAIPAKKAM,SUDHAKAR KOLLIREDDY,362,SANJAY,₹7.00,63.16%,BRONZE,6,15204,2737,17940,Dec 2024,02-Dec-2024,1-Dec-2024,Dec 24,1 June 2025,June 2025,"₹395,648",,,1520,SLACK LINK,2534,76252,
86,(M) SRR PG ,RENEWAL PAY,FULL PAYMENT,9943706673,SHOLINGANALLUR ,RAGHUL,67,PARTHA,₹21.75,25.00%,SILVER,3,4372,787,5158,Dec 2024,05-Dec-2024,1-Dec-2024,,1 March 2025,March 2025,,,,219,SLACK LINK,1457,,
87,(M) DVR MENS HOSTEL,RENEWAL PAY,FULL PAYMENT,7871064647, ANNA NAGAR,SIRANJEEVI,99,PARTHA,₹17.09,41.07%,SILVER,3,5076,914,5983,Dec 2024,05-Dec-2024,1-Dec-2024,,1 March 2025,March 2025,,,,254,SLACK LINK,1692,,
88,(M) ISHA LIVING PG,RENEWAL PAY,FULL PAYMENT,8838388245,PORUR,MADHU SUDHANAN,34,PARTHA,₹20.00,31.03%,SILVER,3,2040,367,2407,Dec 2024,05-Dec-2024,1-Dec-2024,,1 March 2025,March 2025,,,,102,SLACK LINK,680,,
89,(M)  QUEEN PARADISE LADIES HOSTEL ,RENEWAL PAY,FULL PAYMENT,7338940453,MEDAVAKKAM,R POORNIMA LATHA,243,PARTHA,₹10.00,47.37%,BRONZE,12,29160,5249,34408,Dec 2024,05-Dec-2024,1-Nov-2024,,1 November 2025,November 2025,,,,219,SLACK LINK,1457,,
90,(M) SAI SRINIVASA GENT'S PG ,RENEWAL PAY,FULL PAYMENT,8074227209,KARAPAKKAM,S Raghuramireddy,80,PARTHA,₹15.90,45.17%,SILVER,1,1272,229,1500,Dec 2024,05-Dec-2024,1-Dec-2024,,1 January 2025,January 2025,,,,254,SLACK LINK ,1272,,
91,(M) JR MENS Hostel,RENEWAL PAY,FULL PAYMENT,8925415772,ANNA NAGAR,RADHAKRISHANAN,116,PARTHA,₹15.00,48.28%,SILVER,3,5220,940,6160,Dec 2024,06-Dec-2024,1-Dec-2024,,1 March 2025,March 2025,,,,261,SLACK LINK ,1740,,
92,(M) TEMPLE TREE PG SERVICE,FIRST PAY,FULL PAYMENT, 94443 89218,POTHERI,VEERA,120,SANJAY,₹18.85,35.00%,SILVER,1,2262,407,2669,Dec 2024,06-Dec-2024,1-Dec-2024,Dec 24,1 January 2025,January 2025,,,,226,SLACK LINK ,2262,,
93, (M) RSD HIFI PG FOR MEN,FIRST PAY,FULL PAYMENT,7598042920,PORUR,DIWAKR,49,PARTHA,₹15.00,48.28%,SILVER,12,8820,1588,10407,Dec 2024,06-Dec-2024,1-Dec-2024,Dec 24,1 December 2025,December 2025,,,,882,SLACK LINK,735,,
94,(M) AJ HOSTELS,FIRST PAY,FULL PAYMENT,8098509000,PALLIKARANAI,ADAIKALARAJ,100,PARTHA,₹12.50,56.90%,SILVER,12,15000,2700,17700,Dec 2024,06-Dec-2024,1-Dec-2024,Dec 24,1 December 2025,December 2025,,,,1500,SLACK LINK,1250,,
95,(M) DURGA NIVAS WOMEN'S HOSTEL,FIRST PAY,FULL PAYMENT,9841384335,ANNA NAGAR,N SREEKALA,1000,PARTHA,₹11.87,59.07%,SILVER,12,142440,25639,20000,Dec 2024,06-Dec-2024,1-Dec-2024,Dec 24,1 December 2025,December 2025,,,,14244,"SLACK LINK  40,000 RS ( DEC) | 42,693 RS (JAN) |  42,693 RS (FEB )  |  42,693 RS (MAR) ",11870,,
96,(M) TSP PG ACCOMMODATION,RENEWAL PAY,FULL PAYMENT,9841108085,THIRUVANMIYUR ,SANTHANA KRISHNAN,28,SANJAY,₹29.00,0.00%,SILVER,1,812,146,958,Dec 2024,07-Dec-2024,1-Dec-2024,,1 January 2025,January 2025,,,,48,SLACK LINK,812,,
97,(M) NANBAN NIVAS MEN'S PG & HOSTEL,FIRST PAY,FULL PAYMENT,8825523465,VELACHERY,MURUGESH,23,PARTHA,₹49.00,0.00%,GOLD,1,1127,203,1330,Dec 2024,08-Dec-2024,1-Dec-2024,Dec 24,1 January 2025,January 2025,,,,133,SLACK LINK,1127,,
98,(M) SRI SELVA GANPATHY MENS HOSTEL,PART 02,FULL PAYMENT,9884888341, SHOLINGNALUR ,UMAPATHI ,100,PARTHA,₹23.30,52.45%,GOLD,12,27960,5033,16500,Oct 2024,09-Dec-2024,1-Aug-2024,,1 August 2025,August 2025,,,,2796,"SLACK LINK  16,500 RS - OCT 01 2024 || 16,500 RS - DEC 08 2024 TOTAL PAID : 33,000 RS",2330,,
99,(M) VINAYAK MEN'S & WOMEN'S HOSTEL,RENEWAL PAY,FULL PAYMENT,9566098058,SHOLINGANALLUR ,JAYANTHI GANESAN,142,SANJAY,₹30.00,38.78%,GOLD,1,4260,767,5026,Dec 2024,10-Dec-2024,1-Dec-2024,,1 January 2025,January 2025,,,,213,SLACK LINK,4260,,
100,(M) DHARSHINI RESIDENCY,FIRST PAY,FULL PAYMENT,9047947730,KELAMBAKKAM,RAMACHANDRAN,94,SANJAY,₹29.00,0.00%,SILVER,1,2726,491,3216,Dec 2024,11-Dec-2024,1-Dec-2024,Dec 24,1 January 2025,January 2025,,,,273,SLACK LINK,2726,,
101,(M ) FRIENDS PG,FIRST PAY,FULL PAYMENT,8682870828,PALLAVARAM,ASHOK MANDALA,55,SANJAY,₹14.50,50.00%,SILVER,6,4785,861,5646,Dec 2024,11-Dec-2024,1-Jan-2025,Jan 25,1 July 2025,July 2025,,,,479,SLACK LINK,798,,
102,(M) AMBIKA NEST WOMENS HOSTEL,FIRST PAY,FULL PAYMENT,7418025005,SIRUSERI SIPCOT,SURESH KUMAR R S,878,PARTHA,₹13.56,53.24%,SILVER,6,71434,12858,30000,Dec 2024,12-Dec-2024,1-Jan-2025,Jan 25,1 July 2025,July 2025,,,,7143,"SLACK LINK ( TOTAL = 84,292 ) 30K PAID Dec 28 | 30,000 RS PAYMENT 02 +  Jan 21, 2025 | 24,292 RS PAYMENT 03",11906,,
103,(M) DURGA NIVAS WOMEN'S HOSTEL,PART 02,FULL PAYMENT,9841384335,ANNA NAGAR,N SREEKALA,1000,PARTHA,₹11.87,59.07%,SILVER,12,142440,25639,20000,Dec 2024,06-Dec-2024,1-Dec-2024,,1 December 2025,December 2025,,,,0,,11870,,
104,(M) RAMYA RESIDENCY ,FIRST PAY,FULL PAYMENT,9494510683, PERUNGUDI ,VARUN KUMAR,139,SANJAY,₹16.00,44.83%,SILVER,6,13344,2402,15745,Dec 2024,27-Dec-2024,1-Jan-2025,Jan 25,1 July 2025,July 2025,,,,1334,SLACK LINK,2224,,
105,(M) RAMYA RESIDENCY ,BED TOP UP,FULL PAYMENT,9494510683, PERUNGUDI ,VARUN KUMAR,62,SANJAY,₹16.00,44.83%,SILVER,6,5952,1071,7023,Jan 2025,01-Jan-2025,1-Jan-2025,,1 July 2025,July 2025,"₹318,484","₹715,116",,595,SLACK LINK,992,56129,
106,(M)  FEMINA MENS HOSTEL,RENEWAL PAY,FULL PAYMENT,9443816134,KODAMBAKKAM,RAJAN,257,PARTHA,₹15.00,48.28%,SILVER,3,11565,2082,13646,Jan 2025,02-Jan-2025,1-Jan-2024,,1 April 2025,April 2025,,,,578,SLACK LINK ,3855,,
107,(M) SIDDHANS MENS PG,FIRST PAY,FULL PAYMENT,8825971908,PORUR,SENTHILKUMAR SG,13,PARTHA,₹37.00,24.49%,GOLD,3,1443,260,1703,Jan 2025,4-Jan-2025,1-Jan-2025,Jan 25,1 April 2025,April 2025,,,,144,SLACK LINK,481,,
108,(M) T STAYS,PART 03,FULL PAYMENT,9500084503,MOGAPPAIR,SATHIYARAJ,198,SANJAY,₹21.00,57.14%,GOLD,6,8316,1497,9813,Jan 2025,4-Jan-2025,1-Sep-2024,,1 March 2025,March 2025,,,,832,SLACK LINK ,1386,,
109,(M) GREEN HOME LADIES HOSTEL,RENEWAL PAY,FULL PAYMENT,9994345752,THORAIPAKKAM,KARTHICK G,336,PARTHA,₹12.00,58.62%,SILVER,12,48384,8709,57093,Jan 2025,5-Jan-2025,1-Jan-2025,,31 December 2025,December 2025,,,,2419,SLACK LINK,4032,,
110,(M) TSP PG ACCOMMODATION,RENEWAL PAY,FULL PAYMENT,9841108085,THIRUVANMIYUR ,SANTHANA KRISHNAN,28,SANJAY,₹29.00,0.00%,SILVER,1,812,146,958,Jan 2025,6-Jan-2025,1-Jan-2025,,1 February 2025,February 2025,,,,41,SLACK LINK,812,,
111,(M) DURGA NIVAS WOMEN'S HOSTEL,PART 03,FULL PAYMENT,9841384335,ANNA NAGAR,N SREEKALA,1000,PARTHA,₹11.87,59.07%,SILVER,12,142440,25639,42693,Jan 2025,6-Jan-2025,1-Dec-2024,,1 December 2025,December 2025,,,,0,,11870,,
112,(M) VINAYAK MEN'S & WOMEN'S HOSTEL,RENEWAL PAY,FULL PAYMENT,9566098058,SHOLINGANALLUR ,JAYANTHI GANESAN,142,SANJAY,₹30.00,38.78%,GOLD,1,4260,767,5026,Jan 2025,07-Jan-2025,1-Jan-2025,,1 February 2025,February 2025,,,,213,,4260,,
113,(M) SAI SRINIVASA GENT'S PG ,RENEWAL PAY,FULL PAYMENT,8074227209,KARAPAKKAM,S Raghuramireddy,80,PARTHA,₹15.90,45.17%,SILVER,1,1272,229,1500,Jan 2025,8-Jan-2025,1-Jan-2025,,1 February 2025,February 2025,,,,64,SLACK LINK,1272,,
114,(M) RAAGA NIVAS,FIRST PAY,FULL PAYMENT,9000305550,CHENNAI,NITI,7,PARTHA,₹49.00,0.00%,GOLD,3,1029,185,1214,Jan 2025,8-Jan-2025,1-Jan-2025,Jan 25,1 April 2025,April 2025,,,,103,SLACK LINK,343,,
115,(M) SARA HOSTEL,FIRST PAY,FULL PAYMENT,9159174174,EKAATTUTHANGAL,RAM,246,PARTHA,₹19.00,34.48%,SILVER,3,14022,2524,5515,Jan 2025,8-Jan-2025,1-Jan-2025,Jan 25,1 February 2025,February 2025,,,,1402,"SLACK LINK | 5515 RS FEB 01 , 5515 MARCH 01 | NEED TO PAY",4674,,
116,(M) AARADHYA APARTMENT,RENEWAL PAY,FULL PAYMENT,7604804060, COIMBATORE,Sri Sudarshan S R,70,PARTHA,₹26.95,45.00%,GOLD,12,22638,4075,26712,Jan 2025,8-Jan-2025,1-Jan-2025,,1 January 2026,January 2026,,,,1132,SLACK LINK,1887,,
117,(M) JK MEN'S AND STUDENT HOSTEL,FIRST PAY,FULL PAYMENT,9962006163,ANNA NAGAR,JAYASHREE,146,SANJAY,₹16.00,44.83%,SILVER,3,7008,1261,8268,Jan 2025,15-Jan-2025,1-Jan-2025,Jan 25,1 April 2025,April 2025,,,,701,SLACK LINK,2336,,
118,(M) DREAMS LADIES HOSTEL,FIRST PAY,FULL PAYMENT,9884497587, SHOLINGNALUR ,K ELUMALAI,93,SANJAY,₹19.00,34.48%,SILVER,3,5301,954,6255,Jan 2025,20-Jan-2025,1-Feb-2025,Feb 25,1 May 2025,May 2025,,,,530,SLACK LINK,1767,,
119,(M) AMBIKA NEST WOMENS HOSTEL,PART 02,FULL PAYMENT,7418025005,SIRUSERI SIPCOT,SURESH KUMAR R S,878,PARTHA,₹13.56,53.24%,SILVER,6,71434,12858,30000,Jan 2025,22-Jan-2025,1-Jan-2025,,1 July 2025,July 2025,,,,0,"SLACK LINK  ( TOTAL = 84,292 ) 30K PAID Dec 28 | 30,000 RS PAYMENT 02 +  Jan 21, 2025 | 24,292 RS PAYMENT 03",11906,,
120,(M) KAVITHA'S LADIES HOSTEL,RENEWAL PAY,FULL PAYMENT,9841002122,VELACHERY,GANDHI,473,PARTHA,₹9.00,52.63%,BRONZE,12,51084,9195,60279,Jan 2025,21-Jan-2025,19-Jan-2025,,19 January 2026,January 2026,,,,2554,SLACK LINK,4257,,
121,(M) GANDHI HOSTEL,FIRST PAY,FULL PAYMENT,9600028945,VELACHERY,GANDHI,424,PARTHA,₹9.00,52.63%,BRONZE,12,45792,8243,14034,Jan 2025,21-Jan-2025,19-Jan-2025,Jan 25,19 January 2026,January 2026,,,,,"SLACK LINK ( TOTAL = 54,034 ) | 14,034 PAID JAN 22 2025 | 40,000 RS PAYMENT 02 ( FEB 10 2025)",3816,,
122,(M) KRISHNALAYAM PG,FIRST PAY,FULL PAYMENT,7299078300,VELACHERY,RAMA KRISHNAN,270,PARTHA,₹22.00,24.14%,SILVER,3,17820,3208,21027,Jan 2025,27-Jan-2025,1-Feb-2025,Feb 25,1 May 2025,May 2025,,,,1782,SLACK LINK ,5940,,
123,(M) NAIDU'S GENTS PG,FIRST PAY,FULL PAYMENT,9000155234,POTHERI,K V NAIDU,99,SANJAY,₹49.00,0.00%,GOLD,1,4851,873,5724,Feb 2025,4-Feb-2025,1-Feb-2025,Feb 25,1 March 2025,March 2025,"₹196,569",,,485,SLACK LINK ,4851,"₹63,240.23",
124,(M) DURGA NIVAS WOMEN'S HOSTEL,PART 04,FULL PAYMENT,9841384335,ANNA NAGAR,N SREEKALA,1000,PARTHA,₹11.87,59.07%,SILVER,12,142440,25639,42693,Feb 2025,4-Feb-2025,1-Dec-2024,,1 December 2025,December 2025,,,,0,"SLACK LINK  40,000 RS ( DEC) | 42,693 RS (JAN) |  42,693 RS (FEB )  |  42,693 RS (MAR) ",11870,,
125,(M) NARUVI PG,PART 03,FULL PAYMENT,9894993015,ANNA NAGAR,NAVANEETHAN,125,SANJAY,₹22.05,55.00%,GOLD,3,8269,1488,9757,Feb 2025,5-Feb-2025,1-Aug-2024,,1 May 2025,May 2025,,,,413,https://crm.zoho.in/crm/org60017417615/tab/Accounts/414429000020350319 | Partial payment method ,2756,,
126,(M) SAI ANBALAYAAS MEN'S HOSTEL,RENEWAL PAY,FULL PAYMENT,6383777615,VANDALUR,ANBALAGAN,185,PARTHA,₹10.00,47.37%,BRONZE,3,5550,999,6549,Feb 2025,5-Feb-2025,1-Feb-2025,,1 May 2025,May 2025,,,,278,SLACK LINK ,1850,,
127,(M)  NATIONAL MEN'S HOSTEL,RENEWAL PAY,FULL PAYMENT,9789008563,EKAATTUTHANGAL,RAJESH,306,PARTHA,₹13.85,52.24%,SILVER,3,12714,2289,15000,Feb 2025,5-Feb-2025,1-Feb-2025,,1 May 2025,May 2025,,,,636,SLACK LINK ,4238,,
128,(M) TSP PG ACCOMMODATION,RENEWAL PAY,FULL PAYMENT,9841108085,THIRUVANMIYUR ,SANTHANA KRISHNAN,28,SANJAY,₹29.00,0.00%,SILVER,1,812,146,958,Feb 2025,5-Feb-2025,1-Feb-2025,,1 March 2025,March 2025,,,,41,SLACK LINK,812,,
129,(M) SRI KRISHNA GRAND STAY ,RENEWAL PAY,FULL PAYMENT,9121651913, SHOLINGNALUR ,Lokesh,188,SANJAY,₹27.00,44.90%,GOLD,3,15228,2741,17969,Feb 2025,5-Feb-2025,1-Feb-2025,,1 May 2025,May 2025,,,,761,SLACK LINK,5076,,
130,(M) BLUE MOON PG FOR LADIES,FIRST PAY,FULL PAYMENT,9962004487,POTHERI,ANNA MALAI,25,SANJAY,₹29.00,0.00%,SILVER,1,725,131,856,Feb 2025,5-Feb-2025,1-Feb-2025,Feb 25,1 March 2025,March 2025,,,,73,SLACK LINK,725,,
131,(M) SAI SRINIVASA GENT'S PG ,RENEWAL PAY,FULL PAYMENT,8074227209,KARAPAKKAM,S Raghuramireddy,80,PARTHA,₹15.90,45.17%,SILVER,1,1272,229,1500,Feb 2025,6-Feb-2025,1-Feb-2025,,1 March 2025,March 2025,,,,64,SLACK LINK,1272,,
132,(M) IN MEN'S AND PG HOSTEL ,RENEWAL PAY,FULL PAYMENT,9626833233,COIMBATORE ,ABIHI,48,PRAVEEN,₹21.75,25.00%,SILVER,3,3132,564,3695,Feb 2025,6-Feb-2025,1-Feb-2025,,1 May 2025,May 2025,,,,157,SLACK LINK,1044,,
133,"(M) ""WE ARE"" LADIES HOMESTEL",RENEWAL PAY,FULL PAYMENT,8754694089,AMINJAKARAI,SUBBU,11,PARTHA,₹24.50,50.00%,GOLD,12,3234,582,3816,Feb 2025,6-Feb-2025,1-Feb-2025,,1 February 2026,February 2026,,,,162,SLACK LINK,270,,
134,(M) VINAYAK MEN'S & WOMEN'S HOSTEL,RENEWAL PAY,FULL PAYMENT,9566098058,SHOLINGANALLUR ,JAYANTHI GANESAN,130,SANJAY,₹30.00,38.78%,GOLD,1,3900,702,4602,Feb 2025,10-Feb-2025,1-Feb-2025,,1 March 2025,March 2025,,,,195,SLACK LINK,3900,,
135,(M) FLORA MEN'S HOSTEL,RENEWAL PAY,FULL PAYMENT,9884985953,TAMBARAM,JAWAHARDEEN M A,125,SANJAY,₹10.00,47.37%,BRONZE,3,3750,675,4425,Feb 2025,11-Feb-2025,1-Feb-2025,,1 May 2025,May 2025,,,,188,,1250,,
136,(M) MAHALAKSHMI MEN'S & LADIES HOSTEL ,RENEWAL PAY,FULL PAYMENT,9952035896,RAMAPURAM ,MANOJ KUMAR BARIK,213,SANJAY,₹15.50,46.55%,SILVER,3,9905,1783,11687,Feb 2025,12-Feb-2025,1-Feb-2025,,1 May 2025,May 2025,,,,495,SLACK LINK ,3302,,
137,(M) KSJ LADIES HOSTEL ,RENEWAL PAY,FULL PAYMENT,9790736737,PERUNGUDI ,JAI CHAKARAVARTHI,40,SANJAY,₹16.00,44.83%,SILVER,12,7680,1382,9060,Feb 2025,12-Feb-2025,1-Feb-2025,,1 February 2026,February 2026,,,,384,SLACK LINK ,640,,
138,(M) TRENDS WOMEN'S HOSTEL,FIRST PAY,FULL PAYMENT,93637 77171,NAVALUR,MURUGAN,152,SANJAY,₹13.85,52.24%,SILVER,3,6316,1137,7452,Feb 2025,12-Feb-2025,1-Mar-2025,Mar 25,1 June 2025,June 2025,,,,632,SLACK LINK ,2105,,
139,(M) SARA HOSTEL,PART 02,FULL PAYMENT,9159174174,EKAATTUTHANGAL,RAM,246,PARTHA,₹19.00,34.48%,SILVER,3,14022,2524,5515,Feb 2025,14-Feb-2025,1-Feb-2025,,1 March 2025,March 2025,,,,0,SLACK LINK,4674,,
140,(M) AMBIKA NEST WOMENS HOSTEL,PART 03,FULL PAYMENT,7418025005,SIRUSERI SIPCOT,SURESH KUMAR R S,878,PARTHA,₹13.56,53.24%,SILVER,6,71434,12858,24292,Feb 2025,18-Feb-2025,1-Jan-2025,,1 July 2025,July 2025,,,,0,"SLACK LINK  ( TOTAL = 84,292 ) 30K PAID Dec 28 | 30,000 RS PAYMENT 02 +  Jan 21, 2025 | 24,292 RS PAYMENT 03 PAID",11906,,
141, (M) SHRIRAM HOMES ,RENEWAL PAY,FULL PAYMENT,9791041927, MANAPAKKAM ,RAMALINGAM,70,SANJAY,₹10.00,47.37%,BRONZE,3,2100,378,2478,Feb 2025,20-Feb-2025,1-Feb-2025,,1 May 2025,May 2025,,,,105,SLACK LINK,700,,
142, (M) ANATHA SAI PAYING GUEST ,FIRST PAY,FULL PAYMENT,9994055087,VELLORE,GOPINATH,103,PARTHA,₹12.71,56.17%,SILVER,12,15712,2828,18540,Feb 2025,25-Feb-2025,1-Mar-2025,Mar 25,1 March 2026,March 2026,,,,1571,SLACK LINK,1309,,
143,(M) SVB HOSTEL,FIRST PAY,FULL PAYMENT,9600017858,NAVALUR,RAVINDRA BABU,140,SANJAY,₹10.00,47.37%,BRONZE,3,4200,756,4956,Feb 2025,27-Feb-2025,1-Mar-2025,Mar 25,1 June 2025,June 2025,,,,420,SLACK LINK,1400,,
144,(M) RAMYA RESIDENCY ,BED TOP UP,FULL PAYMENT,9494510683, PERUNGUDI ,VARUN KUMAR,54,SANJAY,₹16.00,44.83%,SILVER,5,4320,778,5097,Mar 2025,3-Mar-2025,1-Feb-2025,,1 July 2025,July 2025,"₹200,063",,,432,SLACK LINK,864,"₹43,974.67",
145,(M) DVR MENS HOSTEL,RENEWAL PAY,FULL PAYMENT,7871064647, ANNA NAGAR,SIRANJEEVI,110,PARTHA,₹17.09,41.07%,SILVER,3,5640,1015,6655,Mar 2025,4-Mar-2025,1-Mar-2025,,1 June 2025,June 2025,,,,282,SLACK LINK,1880,,
146,(M) GTR PG,RENEWAL PAY,FULL PAYMENT,9345319319,NAVALUR,Thrivenureddy,140,SANJAY,₹6.00,68.42%,BRONZE,6,5040,907,5947,Mar 2025,5-Mar-2025,1-Mar-2025,,1 September 2025,September 2025,,,,252,SLACK LINK,840,,
147,(M)  DEN MEN'S HOSTEL,FIRST PAY,FULL PAYMENT,90430 07770,GUINDY,KARTHIKEYEN M,61,SANJAY,₹25.00,48.98%,GOLD,6,9150,1647,10797,Mar 2025,5-Mar-2025,1-Mar-2025,Mar 25,1 September 2025,September 2025,,,,915,SLACK LINK,1525,,
148,(M) JR MENS Hostel,RENEWAL PAY,FULL PAYMENT,8925415772,ANNA NAGAR,RADHAKRISHANAN,116,PARTHA,₹15.00,48.28%,SILVER,3,5220,940,6160,Mar 2025,5-Mar-2025,1-Mar-2025,,1 June 2025,June 2025,,,,261,SLACK LINK,1740,,
149,(M) DURGA NIVAS WOMEN'S HOSTEL,PART 05,FULL PAYMENT,9841384335,ANNA NAGAR,N SREEKALA,1000,PARTHA,₹11.87,59.07%,SILVER,12,142440,25639,20000,Mar 2025,5-Mar-2025,1-Dec-2024,,1 December 2025,December 2025,,,,0,SLACK LINK,11870,,
150,(M) VELS MENS HOSTEL,RENEWAL PAY,FULL PAYMENT,9962966533,PORUR,THANIGAIVEL NAGARAJAN,219,PARTHA,₹15.00,48.28%,SILVER,6,19710,3548,23257,Mar 2025,5-Mar-2025,1-Mar-2025,,1 September 2025,September 2025,,,,986,SLACK LINK,3285,,
151,(M) HAPPY LIVING WOMEN'S HOSTEL,FIRST PAY,FULL PAYMENT,9003578181,COIMBATORE,SOMASUNDHARAM,110,PARTHA,₹14.00,51.72%,SILVER,6,9240,1663,10905,Mar 2025,7-Mar-2025,1-Mar-2025,Mar 25,1 September 2025,September 2025,,,,924,SLACK LINK,1540,,
152,(M) T STAYS,RENEWAL PAY,FULL PAYMENT,9500084503,MOGAPPAIR,SATHIYARAJ,334,SANJAY,₹21.00,57.14%,GOLD,6,42084,7575,16533,Mar 2025,4-Jan-2025,1-Mar-2025,,1 May 2025,May 2025,,,,2104,SLACK LINK,7014,,
153,(M) VINAYAK MEN'S & WOMEN'S HOSTEL,RENEWAL PAY,FULL PAYMENT,9566098058,SHOLINGANALLUR ,JAYANTHI GANESAN,127,SANJAY,₹30.00,38.78%,GOLD,1,3810,686,4500,Mar 2025,10-Mar-2025,1-Mar-2025,,1 April 2025,April 2025,,,,191,SLACK LINK,3810,,
154,(M) SAI SRINIVASA GENT'S PG ,RENEWAL PAY,FULL PAYMENT,8074227209,KARAPAKKAM,S Raghuramireddy,80,PARTHA,₹15.90,45.17%,SILVER,1,1272,229,1500,Mar 2025,9-Mar-2025,1-Mar-2025,,1 April 2025,April 2025,,,,64,SLACK LINK,1272,,
155,(M) ISHA LIVING PG,RENEWAL PAY,FULL PAYMENT,8838388245,PORUR,MADHU SUDHANAN,50,PARTHA,₹20.00,31.03%,SILVER,3,3000,540,3540,Mar 2025,11-Mar-2025,1-Mar-2025,,1 June 2025,June 2025,,,,150,SLACK LINK,1000,,
156,(M) NKS MEN'S HOSTEL ,FIRST PAY,FULL PAYMENT,9962127666,SIRUSERI SIPCOT,ARAVINDAN,183,SANJAY,₹11.58,39.06%,BRONZE,12,25425,4577,30000,Mar 2025,18-Mar-2025,1-Apr-2025,Apr 25,1 April 2026,April 2026,,,,1271,SLACK LINK,2119,,
157,(M) GANDHI HOSTEL,PART 02,FULL PAYMENT,9600028945,VELACHERY,GANDHI,424,PARTHA,₹9.00,52.63%,BRONZE,12,45792,8243,20000,Mar 2025,19-Mar-2025,19-Jan-2025,,19 January 2026,January 2026,,,,0,SLACK LINK,3816,,
158,(M) SARA HOSTEL,PART 03,FULL PAYMENT,9159174174,EKAATTUTHANGAL,RAM,246,PARTHA,₹19.00,34.48%,SILVER,3,14022,2524,5515,Mar 2025,21-Mar-2025,1-Mar-2025,,1 April 2025,April 2025,,,,0,SLACK LINK,4674,,
159,(M) TSP PG ACCOMMODATION,RENEWAL PAY,FULL PAYMENT,9841108085,THIRUVANMIYUR ,SANTHANA KRISHNAN,28,SANJAY,₹29.00,0.00%,SILVER,1,812,146,958,Mar 2025,5-Feb-2025,1-Mar-2025,,1 April 2025,April 2025,,,,41,SLACK LINK,812,,
160,(M) KALYANI PG ,FIRST PAY,FULL PAYMENT,9715000044,SIRUCHERI,K RAMA SUBBA REDDY,170,SANJAY,₹14.46,50.15%,SILVER,3,7373,1327,8700,Mar 2025,31-Mar-2025,1-Apr-2025,Apr 25,1 July 2025,July 2025,,,,737,SLACK LINK,2458,,
161,(M) DURGA NIVAS WOMEN'S HOSTEL,PART 06,FULL PAYMENT,9841384335,ANNA NAGAR,N SREEKALA,1000,PARTHA,₹11.87,59.07%,SILVER,12,142440,25639,20000,Apr 2025,5-Apr-2025,1-Dec-2024,,1 December 2025,December 2025,"₹120,682","₹306,792",,0,,11870,,
162,(M) SIDDHANS MENS PG,RENEWAL PAY,FULL PAYMENT,8825971908,PORUR,SENTHILKUMAR SG,38,PARTHA,₹25.00,48.98%,GOLD,12,11400,2052,13452,Apr 2025,5-Apr-2025,1-Apr-2025,,1 April 2026,April 2026,,,,570,,950,,
163,(M) KRISHNALAYAM PG,BED TOP UP,FULL PAYMENT,7299078300,VELACHERY,RAMA KRISHNAN,70,PARTHA,₹22.00,24.14%,SILVER,1,1540,277,1817,Apr 2025,7-Apr-2025,1-Feb-2025,,1 May 2025,May 2025,,,,77,,1540,,
164,(M) RAAGA NIVAS,RENEWAL PAY,FULL PAYMENT,9000305550,CHENNAI,NITI,7,PARTHA,₹49.00,0.00%,GOLD,3,1029,185,1214,Apr 2025,8-Apr-2025,1-Apr-2025,,1 July 2025,July 2025,,,,,,343,,
165,(M) VBS TOWERS ,FIRST PAY,FULL PAYMENT,9489009494,COIMBATORE,DINESH,40,PARTHA,₹20.00,31.03%,SILVER,3,2400,432,2832,Apr 2025,9-Apr-2025,1-May-2025,May 25,1 August 2025,August 2025,,,,120,,800,,
166,(M) TSP PG ACCOMMODATION,RENEWAL PAY,FULL PAYMENT,9841108085,THIRUVANMIYUR ,SANTHANA KRISHNAN,28,SANJAY,₹29.00,0.00%,SILVER,1,812,146,958,Apr 2025,10-Apr-2025,1-Apr-2025,,1 May 2025,May 2025,,,,81,,812,,
167,(M) VINAYAK MEN'S & WOMEN'S HOSTEL,RENEWAL PAY,FULL PAYMENT,9566098058,SHOLINGANALLUR ,JAYANTHI GANESAN,119,SANJAY,₹30.00,38.78%,GOLD,1,3570,643,4213,Apr 2025,10-Apr-2025,1-Apr-2025,,1 May 2025,May 2025,,,,357,37 RS BALANCE,3570,,
168,(M)  FEMINA MENS HOSTEL,RENEWAL PAY,FULL PAYMENT,9443816134,KODAMBAKKAM,RAJAN,419,PARTHA,₹14.50,50.00%,SILVER,6,36453,6562,43014,Apr 2025,10-Apr-2025,1-Apr-2024,,1 October 2025,October 2025,,,,3645,,6076,,
169,(M) SAI SRINIVASA GENT'S PG ,RENEWAL PAY,FULL PAYMENT,8074227209,KARAPAKKAM,S Raghuramireddy,80,PARTHA,₹15.90,45.17%,SILVER,1,1272,229,1500,Apr 2025,14-Apr-2025,1-Apr-2025,,1 May 2025,May 2025,,,,127,,1272,,
170,(M) RIYA HOSTEL,RENEWAL PAY,FULL PAYMENT,9047444323,PERUNGUDI,Ravi chandiran,110,SANJAY,₹15.00,48.28%,SILVER,6,9900,1782,11682,Apr 2025,17-Apr-2025,1-Apr-2024,,1 November 2025,November 2025,,,,990,,1650,,
171,(M) GANDHI HOSTEL,PART 03,FULL PAYMENT,9600028945,VELACHERY,GANDHI,424,PARTHA,₹9.00,52.63%,BRONZE,12,45792,8243,20000,Apr 2025,17-Apr-2025,19-Jan-2025,,19 January 2026,January 2026,,,,4579,,3816,,
172,(M) JK MEN'S AND STUDENT HOSTEL,RENEWAL PAY,FULL PAYMENT,9962006163,ANNA NAGAR,JAYASHREE,150,SANJAY,₹16.00,44.83%,SILVER,3,7200,1296,8495,Apr 2025,21-Apr-2025,1-Apr-2025,,1 July 2025,July 2025,,,,720,,2400,,
173,(M) LINGA RESIDENCY,RENEWAL PAY,FULL PAYMENT,7010470642,MADIPAKKAM,SUDHARSON,29,SANJAY,₹20.30,30.00%,SILVER,6,3532,636,4168,Apr 2025,29-Apr-2025,1-Apr-2025,,1 October 2025,October 2025,,,,353,,589,,
174,(M) ISHWARYA MANSION ,PART 02,FULL PAYMENT,9629311151,COIMBATORE ,ARAVIND,110,PARTHA,₹12.71,56.17%,SILVER,12,16780,3020,"9,900",May 2025,01-May-2025,1-Nov-2024,,1 November 2025,November 2025,"₹88,520",,,0,,1398,,
175,(M) NARUVI PG,PART 04,FULL PAYMENT,9894993015,ANNA NAGAR,NAVANEETHAN,125,SANJAY,₹22.05,55.00%,GOLD,3,8269,1488,9757,May 2025,07-May-2025,1-Aug-2024,,1 August 2025,August 2025,,,,0,,2756,,
176,(M) T STAYS,PART 02,FULL PAYMENT,9500084503,MOGAPPAIR,SATHIYARAJ,334,SANJAY,₹21.00,57.14%,GOLD,6,42084,7575,16533,May 2025,10-May-2025,1-Mar-2025,,1 July 2025,July 2025,,,,0,,7014,,
177,(M)  NATIONAL MEN'S HOSTEL,RENEWAL PAY,FULL PAYMENT,9789008563,EKAATTUTHANGAL,RAJESH,306,PARTHA,₹13.85,52.24%,SILVER,3,12714,2289,15002,May 2025,10-May-2025,1-May-2025,,1 August 2025,August 2025,,,,636,,4238,,
178,(M) SAI ANBALAYAAS MEN'S HOSTEL,RENEWAL PAY,FULL PAYMENT,6383777615,VANDALUR,ANBALAGAN,188,PARTHA,₹10.00,47.37%,BRONZE,3,5640,1015,6655,May 2025,10-May-2025,1-May-2025,,1 August 2025,August 2025,,,,282,,1880,,
179,(M) VINAYAK MEN'S & WOMEN'S HOSTEL,RENEWAL PAY,FULL PAYMENT,9566098058,SHOLINGANALLUR ,JAYANTHI GANESAN,121,SANJAY,₹30.00,38.78%,GOLD,1,3630,653,4285,May 2025,10-May-2025,1-May-2025,,1 June 2025,June 2025,,,,182,,3630,,
180,(M) SAI SRINIVASA GENT'S PG ,RENEWAL PAY,FULL PAYMENT,8074227209,KARAPAKKAM,S Raghuramireddy,80,PARTHA,₹15.90,45.17%,SILVER,1,1272,229,1500,May 2025,13-May-2025,1-May-2025,,1 June 2025,June 2025,,,,64,,1272,,
181,(M) IN MEN'S AND PG HOSTEL ,RENEWAL PAY,FULL PAYMENT,9626833233,COIMBATORE ,ABIHI,48,PARTHA,₹21.75,25.00%,SILVER,3,3132,564,3695,May 2025,14-May-2025,1-May-2025,,1 August 2025,August 2025,,,,157,,1044,,
182,(M) SRI KRISHNA GRAND STAY ,RENEWAL PAY,FULL PAYMENT,9121651913, SHOLINGNALUR ,Lokesh,120,SANJAY,₹27.00,44.90%,GOLD,3,9720,1750,11469,May 2025,17-May-2025,1-May-2025,,1 September 2025,September 2025,,,,972,,3240,,
183,(M) TSP PG ACCOMMODATION,RENEWAL PAY,FULL PAYMENT,9841108085,THIRUVANMIYUR ,SANTHANA KRISHNAN,31,SANJAY,₹29.00,0.00%,SILVER,1,899,162,1060,May 2025,20-May-2025,1-May-2025,,1 June 2025,June 2025,,,,90,,899,,
184,(M) FLORA MEN'S HOSTEL,RENEWAL PAY,FULL PAYMENT,9884985953,TAMBARAM,JAWAHARDEEN M A,151,SANJAY,₹10.00,47.37%,BRONZE,3,4530,815,5345,May 2025,22-May-2025,1-May-2025,,1 August 2025,August 2025,,,,453,,1510,,
185,(M) WOWW MENS AND LADIES HOSTEL,FIRST PAY,FULL PAYMENT,9080093781,PORUR,INDHIRA,97,SANJAY,₹29.00,0.00%,SILVER,1,2813,506,3319,May 2025,23-May-2025,1-Jun-2025,Jun 25,1 July 2025,July 2025,,,,281,,2813,,
186,(M) KE COMPLEX ,FIRST PAY,FULL PAYMENT,918606715602,KERALA,MOHAMED ASHIQ,7,PARTHA,₹29.00,0.00%,SILVER,1,203,37,240,May 2025,30-May-2025,1-Jun-2025,Jun 25,1 July 2025,July 2025,,,,20,,203,,
187,(M) SRI SAI DELUXE PREMIUM LADIES PG,RENEWAL PAY,FULL PAYMENT,8977722233,THORAIPAKKAM,SUDHAKAR KOLLIREDDY,292,SANJAY,₹7.00,63.16%,BRONZE,6,12264,2208,14471,June 2025,02-Jun-2025,1-Jun-2025,,1 December 2025,December 2025,"₹97,589",,,613,,2044,,
188,(M) KR MENS HOSTEL,FIRST PAY,FULL PAYMENT,9884668823,SIRUCHERI,SWAGGY,162,PARTHA,₹16.00,44.83%,SILVER,6,15552,2799,18351,June 2025,02-Jun-2025,1-Jun-2025,Jun 25,1 December 2025,December 2025,,,,1555,,2592,,
189,(M) MAHALAKSHMI MEN'S & LADIES HOSTEL ,RENEWAL PAY,FULL PAYMENT,9952035896,RAMAPURAM ,MANOJ KUMAR BARIK,215,SANJAY,₹15.50,46.55%,SILVER,3,9998,1800,11797,June 2025,03-Jun-2025,1-May-2025,,1 August 2025,August 2025,,,,500,,3333,,
190,(M) DVR MENS HOSTEL,RENEWAL PAY,FULL PAYMENT,7871064647, ANNA NAGAR,SIRANJEEVI,110,PARTHA,₹17.09,41.07%,SILVER,3,5640,1015,6655,June 2025,03-Jun-2025,1-Jun-2025,,1 September 2025,September 2025,,,,282,,1880,,
191,(M) JR MENS Hostel,RENEWAL PAY,FULL PAYMENT,8925415772,ANNA NAGAR,RADHAKRISHANAN,116,PARTHA,₹15.00,48.28%,SILVER,3,5220,940,6160,June 2025,09-Jun-2025,1-Jun-2025,,1 September 2025,September 2025,,,,261,,1740,,
192,(M) VINAYAK MEN'S & WOMEN'S HOSTEL,RENEWAL PAY,FULL PAYMENT,9566098058,SHOLINGANALLUR ,JAYANTHI GANESAN,121,SANJAY,₹30.00,38.78%,GOLD,1,3630,653,4283,June 2025,10-Jun-2025,1-Jun-2025,,1 July 2025,July 2025,,,,182,,3630,,
193,(M) ISHA LIVING PG,RENEWAL PAY,FULL PAYMENT,8838388245,PORUR,MADHU SUDHANAN,50,PARTHA,₹20.00,31.03%,SILVER,3,3000,540,3540,June 2025,12-Jun-2025,1-Jun-2025,,1 September 2025,September 2025,,,,150,,1000,,
194,(M) RYD LIVING CONCEPTS PRIVATE LIMITED,FIRST PAY,FULL PAYMENT,9789968710,AMBUTTUR,PREM ANAND,93,SANJAY,₹25.00,48.98%,GOLD,12,27900,5022,"16,461",June 2025,16-Jun-2025,1-Jul-2025,Jul 25,1 July 2026,July 2026,,,,,INVOIC PENDING,2325,,
195,(M) KRISHNALAYAM PG,RENEWAL PAY,FULL PAYMENT,7299078300,VELACHERY,RAMA KRISHNAN,326,PARTHA,₹30.00,38.78%,GOLD,1,9780,1760,11540,June 2025,16-Jun-2025,1-May-2025,,1 July 2025,July 2025,,,,489,,9780,,
196,(M) J.P HOSTEL MEN'S PG,FIRST PAY,FULL PAYMENT,9940681077,EKKATTUTHANGAL ,KARTHIKEYEN ,45,SANJAY,₹29.00,0.00%,SILVER,1,1305,235,1539,June 2025,17-Jun-2025,1-Jul-2025,Jul 25,1 August 2025,August 2025,,,,131,,1305,,
197,(M) LIVING WORLD. PG,FIRST PAY,FULL PAYMENT,9655611355,ANNA NAGAR,RR KUMAR,58,SANJAY,₹29.00,0.00%,SILVER,1,1682,303,1985,June 2025,27-Jun-2025,1-Jul-2025,Jul 25,1 August 2025,August 2025,,,,168,,1682,,
198,(M) NARUVI PG,BED TOP UP,FULL PAYMENT,9894993015,ANNA NAGAR,NAVANEETHAN,31,SANJAY,₹22.05,55.00%,GOLD,1,684,123,808,June 2025,27-Jun-2025,1-Jul-2024,,1 August 2025,August 2025,,,,68,,684,,
199,(M) TOWNY STAYS,FIRST PAY,FULL PAYMENT,9092594259,PORUR,VIGNESH,30,SANJAY,₹30.00,38.78%,GOLD,12,10800,1944,12744,July 2025,01-Jul-2025,1-Jul-2025,Jul 25,1-Jul-2026,July 2026,"₹228,473","₹661,048",,1080,,900,,
200,(M) SAI SRINIVASA GENT'S PG ,RENEWAL PAY,FULL PAYMENT,8074227209,KARAPAKKAM,S Raghuramireddy,81,PARTHA,₹15.90,45.17%,SILVER,1,1288,232,1519,July 2025,2-Jul-2025,1-Jun-2025,,1 July 2025,July 2025,,,,129,,1288,,
201,(M) Sri Vaishnava Group,FIRST PAY,FULL PAYMENT,9840020408,T NAGAR,Kota Thrivikram,18,PARTHA,₹40.00,80.00%,GOLD - COMMERCIAL,1,720,130,849,July 2025,2-Jul-2025,1-Jul-2025,Jul 25,1 August 2025,August 2025,,,,72,,720,,
202,(M) RAMYA RESIDENCY ,RENEWAL PAY,FULL PAYMENT,9494510683, PERUNGUDI ,VARUN KUMAR,255,SANJAY,₹16.00,44.83%,SILVER,6,24480,4406,28886,July 2025,3-Jul-2025,1-Jul-2025,,1-Jan-2026,January 2026,,,,1224,,4080,,
203,(M) SK GENTS PG,FIRST PAY,FULL PAYMENT,9894126609,COIMBATORE,KARTHIKEYAN,272,PARTHA,₹10.00,47.37%,BRONZE,12,32640,5875,38515,July 2025,3-Jul-2025,1-Jul-2025,Jul 25,1-Jul-2026,July 2026,,,,3264,,2720,,
204,(M) SARA HOSTEL,RENEWAL PAY,FULL PAYMENT,9159174174,EKAATTUTHANGAL,RAM,286,PARTHA,₹19.00,34.48%,SILVER,1,5434,978,6412,July 2025,4-Jul-2025,1-Apr-2025,,1 July 2025,July 2025,,,,272,,5434,,
205,(M) AARTHI WOMEN'S ,FIRST PAY,FULL PAYMENT,9176682988,ANNA NAGAR,VINOD,149,PARTHA,₹19.00,34.48%,SILVER,1,2831,510,3341,July 2025,5-Jul-2025,1-Jul-2025,Jul 25,1 August 2025,August 2025,,,,283,,2831,,
206,(M) KRISHNALAYAM PG,RENEWAL PAY,FULL PAYMENT,7299078300,VELACHERY,RAMA KRISHNAN,98,PARTHA,₹30.00,38.78%,GOLD,2,5880,1058,6938,July 2025,7-Jul-2025,1-Jun-2025,,1 August 2025,August 2025,,,,294,,2940,,
207,(M) SAI MALYA GENST HOSTEL ,FIRST PAY,FULL PAYMENT,7975114915,THORAIPAKKAM,M MALYADRI,30,SANJAY,₹29.00,0.00%,SILVER,1,870,157,1027,July 2025,7-Jul-2025,1-Jul-2025,Jul 25,1 August 2025,August 2025,,,,87,,870,,
208,(M) AMBIKA NEST WOMENS HOSTEL,RENEWAL PAY,FULL PAYMENT,7418025005,SIRUSERI SIPCOT,SURESH KUMAR R S,882,PARTHA,₹13.56,53.24%,SILVER,6,71759,12917,84676,July 2025,10-Jul-2025,1-Jul-2025,,1 January 2026,January 2026,,,,3588,,11960,,
209,(M) VINAYAK MEN'S & WOMEN'S HOSTEL,RENEWAL PAY,FULL PAYMENT,9566098058,SHOLINGANALLUR ,JAYANTHI GANESAN,126,SANJAY,₹30.00,38.78%,GOLD,1,3780,680,4460,July 2025,10-Jul-2025,1-Jul-2025,,1 August 2025,August 2025,,,,189,,3780,,
210,(M) JK MEN'S AND STUDENT HOSTEL,RENEWAL PAY,FULL PAYMENT,9962006163,ANNA NAGAR,JAYASHREE,151,SANJAY,₹16.00,44.83%,SILVER,3,7248,1305,8552,July 2025,11-Jul-2025,1-Jul-2025,,1 October 2025,October 2025,,,,362,,2416,,
211,(M ) FRIENDS PG,RENEWAL PAY,FULL PAYMENT,8682870828,PALLAVARAM,ASHOK MANDALA,55,SANJAY,₹14.50,50.00%,SILVER,6,4785,861,5646,July 2025,14-Jul-2025,1-Jul-2025,,1 January 2026,January 2026,,,,239,,798,,
212,(M) MAGNUM GOLD MEN’S PG ,BED TOP UP,FULL PAYMENT,8939783462,PORUR,VEL MURGAN,42,PARTHA,₹14.50,50.00%,SILVER,5,3045,548,3593,July 2025,17-Jul-2025,1-Dec-2024,,1 December 2025,December 2025,,,,152,,609,,
213,(M) KALYANI PG ,RENEWAL PAY,FULL PAYMENT,9715000044,SIRUCHERI,K RAMA SUBBA REDDY,157,SANJAY,₹14.50,50.00%,SILVER,3,6830,1229,8059,July 2025,19-Jul-2025,1-Jul-2025,,1 October 2025,October 2025,,,,341,,2277,,
214,(M) SIDDHANS MENS PG,BED TOP UP,FULL PAYMENT,8825971908,PORUR,SENTHILKUMAR SG,22,PARTHA,₹25.00,48.98%,GOLD,9,4950,891,5841,July 2025,20-Jul-2025,1-Apr-2025,,1 April 2026,April 2026,,,,248,,550,,
215,(M)  OM SHAKTHI LADIES PG,FIRST PAY,FULL PAYMENT,9444400433,THORAIPAKKAM,YOKESH,85,SANJAY,₹29.00,0.00%,SILVER,1,2465,444,2908,July 2025,20-Jul-2025,1-Aug-2025,Aug 25,1 September 2025,September 2025,,,,247,,2465,,
216,(M) RAAGA NIVAS,RENEWAL PAY,FULL PAYMENT,9000305550,CHENNAI,NITI,7,PARTHA,₹49.00,0.00%,GOLD,3,1029,185,1214,July 2025,21-Jul-2025,1-Jul-2025,,1 October 2025,October 2025,,,,51,,343,,
217,(M) SAI SRINIVASA GENT'S PG ,RENEWAL PAY,FULL PAYMENT,8074227209,KARAPAKKAM,S Raghuramireddy,80,PARTHA,₹15.90,45.17%,SILVER,1,1272,229,1501,July 2025,23-Jul-2025,1-Jul-2025,,1 August 2025,August 2025,,,,64,,1272,,
218,(M) BLUEBERRY HOSTEL,FIRST PAY,FULL PAYMENT,7299055657,PORUR,BALA MURUGANANTHAM,80,SANJAY,₹19.00,34.48%,SILVER,1,1520,274,1793,July 2025,28-Jul-2025,1-Aug-2025,Aug 25,1 September 2025,September 2025,,,,152,,1520,,
219,(M) SARA HOSTEL,RENEWAL PAY,FULL PAYMENT,9159174174,EKAATTUTHANGAL,RAM,194,PARTHA,₹19.00,34.48%,SILVER,1,3686,663,4349,Aug 2025,1-Aug-2025,1-Aug-2025,,1 September 2025,September 2025,"₹216,287",,,184,,3686,,
220,(M) RIYA HOSTEL,BED TOP UP,FULL PAYMENT,9047444323,PERUNGUDI,Ravi chandiran,68,SANJAY,₹15.00,48.28%,SILVER,3,3060,551,3600,Aug 2025,1-Aug-2025,1-Aug-2025,,1 November 2025,November 2025,,,,153,,1020,,
221,(M) LIVING WORLD. PG,RENEWAL PAY,FULL PAYMENT,9655611355,ANNA NAGAR,RR KUMAR,56,SANJAY,₹29.00,0.00%,SILVER,1,1624,292,1916,Aug 2025,3-Aug-2025,1-Aug-2025,,1 September 2025,September 2025,,,,,,1624,,
222,(M) KRISHNALAYAM PG,RENEWAL PAY,FULL PAYMENT,7299078300,VELACHERY,RAMA KRISHNAN,98,PARTHA,₹30.00,38.78%,GOLD,2,5880,1058,6938,Aug 2025,4-Aug-2025,1-Aug-2025,,1 October 2025,October 2025,,,,294,,2940,,
223,(M) VBS TOWERS ,RENEWAL PAY,FULL PAYMENT,9489009494,COIMBATORE,DINESH,40,PARTHA,₹49.00,0.00%,GOLD,6,11760,2117,13876,Aug 2025,4-Aug-2025,1-Aug-2025,,1 February 2026,February 2026,,,,588,,1960,,
224,(M) GD MEN'S PG ,FIRST PAY,FULL PAYMENT,7550157955,ANNA NAGAR,SENTHIL SEKAR,55,PARTHA,₹30.00,38.78%,GOLD,12,19800,3564,23364,Aug 2025,5-Aug-2025,1-Aug-2025,Aug 25,1 August 2026,August 2026,,,,1980,,1650,,
225,(M) GANAPATHI PG,FIRST PAY,FULL PAYMENT,7845911909,THORAIPAKKAM,SURIYA,80,SANJAY,₹30.00,38.78%,GOLD,6,14400,2592,16992,Aug 2025,5-Aug-2025,1-Aug-2025,Aug 25,1 February 2026,February 2026,,,,1440,,2400,,
226,(M) MANSION XYZ ROYAL,FIRST PAY,FULL PAYMENT,8124967177,COIMBATORE,RAVICHANDRAN,11,PARTHA,₹30.00,38.78%,GOLD,1,330,59,389,Aug 2025,5-Aug-2025,1-Aug-2025,Aug 25,1 September 2025,September 2025,,,,33,,330,,
227,(M) AARTHI WOMEN'S ,RENEWAL PAY,FULL PAYMENT,9176682988,ANNA NAGAR,VINOD,152,PARTHA,₹19.00,34.48%,SILVER,1,2888,520,3407,Aug 2025,5-Aug-2025,1-Aug-2025,,1 September 2025,September 2025,,,,144,,2888,,
228,(M)  NATIONAL MEN'S HOSTEL,RENEWAL PAY,FULL PAYMENT,9789008563,EKAATTUTHANGAL,RAJESH,350,PARTHA,₹13.85,52.24%,SILVER,3,14543,2618,17160,Aug 2025,5-Aug-2025,1-Aug-2025,,1 November 2025,November 2025,,,,727,,4848,,
229,(M) FLORA MEN'S HOSTEL,RENEWAL PAY,FULL PAYMENT,9884985953,TAMBARAM,JAWAHARDEEN M A,151,SANJAY,₹10.00,47.37%,BRONZE,3,4530,815,5345,Aug 2025,5-Aug-2025,1-Aug-2025,,1 November 2025,November 2025,,,,227,,1510,,
230,(M) NAIDU'S GENTS PG,RENEWAL PAY,FULL PAYMENT,9000155234,POTHERI,K V NAIDU,104,SANJAY,₹49.00,0.00%,GOLD,1,5096,917,6000,Aug 2025,6-Aug-2025,1-Aug-2025,,1 September 2025,September 2025,,,,255,,5096,,
231,(M) SAI ANBALAYAAS MEN'S HOSTEL,RENEWAL PAY,FULL PAYMENT,6383777615,VANDALUR,ANBALAGAN,137,PARTHA,₹10.00,47.37%,BRONZE,3,4110,740,4850,Aug 2025,7-Aug-2025,1-Aug-2025,,1 November 2025,November 2025,,,,206,,1370,,
232,(M) NARUVI PG,RENEWAL PAY,FULL PAYMENT,9894993015,ANNA NAGAR,NAVANEETHAN,156,SANJAY,₹22.05,55.00%,GOLD,12,41278,7430,12147,Aug 2025,07-Aug-2025,1-Aug-2025,,1 November 2025,November 2025,,,,,,3440,,
233,(M) PROPSY HOMES - ARDENWOOD PG,FIRST PAY,FULL PAYMENT,8925980510,SIRUCHERI,BHARATH,90,PARTHA,₹30.00,38.78%,GOLD,12,32400,5832,19116,Aug 2025,08-Aug-2025,1-Aug-2025,Aug 25,1 September 2025,September 2025,,,,,,2700,,
234,(M) RK APARTMENT,FIRST PAY,FULL PAYMENT,9940860106,SRIPERUMBUDUR,PERUM KUMAR,22,SANJAY,₹49.00,0.00%,GOLD,1,1078,194,1272,Aug 2025,09-Aug-2025,1-Aug-2025,Aug 25,1 September 2025,September 2025,,,,108,,1078,,
235,(M) Sri Vaishnava Group,RENEWAL PAY,FULL PAYMENT,9840020408,T NAGAR,Kota Thrivikram,18,PARTHA,₹40.00,18.37%,GOLD,1,720,130,849,Aug 2025,09-Aug-2025,1-Aug-2025,,1 September 2025,September 2025,,,,36,,720,,
236,(M) BE INFINITY MEN'S HOSTEL,FIRST PAY,FULL PAYMENT,8939090198,ANNA NAGAR,SUDHAKAR,99,SANJAY,₹25.00,13.79%,SILVER,1,2475,446,2920,Aug 2025,09-Aug-2025,1-Aug-2025,Aug 25,1 September 2025,September 2025,,,,248,,2475,,
237,(M) IN MEN'S AND PG HOSTEL ,RENEWAL PAY,FULL PAYMENT,9626833233,COIMBATORE ,ABIHI,48,PARTHA,₹21.75,25.00%,SILVER,3,3132,564,3695,Aug 2025,10-Aug-2025,1-Aug-2025,,1 November 2025,November 2025,,,,157,,1044,,
238,(M) PROPSY HOMES - RESIDENTIAL ,FIRST PAY,FULL PAYMENT,8880660000,SIRUCHERI,BHARATH,50,PARTHA,₹50.00,75.00%,GOLD - COMMERCIAL,1,2500,450,2950,Aug 2025,11-Aug-2025,1-Aug-2025,Aug 25,1 September 2025,September 2025,,,,250,,2500,,
239,(M) PROPSY HOMES - RESIDENTIAL ,BED TOP UP,FULL PAYMENT,8880660000,SIRUCHERI,BHARATH,100,PARTHA,₹70.00,65.00%,GOLD - COMMERCIAL,4,28000,5040,33040,Aug 2025,11-Aug-2025,1-Oct-2025,Oct 25,1 February 2026,February 2026,,,,2800,,7000,,
240,(M) VINAYAK MEN'S & WOMEN'S HOSTEL,RENEWAL PAY,FULL PAYMENT,9566098058,SHOLINGANALLUR ,JAYANTHI GANESAN,125,SANJAY,₹30.00,38.78%,GOLD,1,3750,675,4425,Aug 2025,11-Aug-2025,1-Aug-2025,,1 September 2025,September 2025,,,,375,,3750,,
241,(M) RYD LIVING CONCEPTS PRIVATE LIMITED,PART 02,FULL PAYMENT,9789968710,AMBUTTUR,PREM ANAND,93,SANJAY,₹25.00,48.98%,GOLD,12,27900,5022,"16,461",Aug 2025,13-Aug-2025,1-Jul-2025,,1 July 2026,July 2026,,,,2790,,2325,,
242,(M) J.P HOSTEL MEN'S PG,RENEWAL PAY,FULL PAYMENT,9940681077,EKKATTUTHANGAL ,KARTHIKEYEN ,47,SANJAY,₹29.00,0.00%,SILVER,1,1363,245,1607,Aug 2025,13-Aug-2025,1-Aug-2025,,1 September 2025,September 2025,,,,68,,1363,,
243,(M) MAGHADEVAN FAMILY,FIRST PAY,FULL PAYMENT,9789374820,SRIPERUMBUDUR,BALAJI,1,SANJAY,₹60.00,70.00%,GOLD - COMMERCIAL,1,60,11,70,Aug 2025,14-Aug-2025,14-Aug-2025,Aug 25,14-Sep-2025,September 2025,,,,3,,60,,
244,(M) UMA MANSION ,FIRST PAY,FULL PAYMENT,9677047704,VADA PALANI,GIRISH,100,SANJAY,₹19.00,34.48%,SILVER,3,5700,1026,6725,Aug 2025,20-Aug-2025,1-Sep-2025,Sep 25,1 December 2025,December 2025,,,,570,,1900,,
245,(M ) FRIENDS PG,BED TOP UP,FULL PAYMENT,8682870828,PALLAVARAM,ASHOK MANDALA,22,SANJAY,₹14.50,50.00%,SILVER,5,1595,287,1882,Aug 2025,20-Aug-2025,1-Aug-2025,,1 January 2026,January 2026,,,,80,,319,,
246,(M) G ELITE MEN'S PG ,FIRST PAY,FULL PAYMENT,8111060222,MUGALIVAKKAM,GOWTHAM RAJA,14,SANJAY,₹19.00,34.48%,SILVER,3,798,144,942,Aug 2025,24-Aug-2025,1-Sep-2025,Sep 25,1 December 2025,December 2025,,,,80,,266,,
247,(M) LIVING WORLD. PG,RENEWAL PAY,FULL PAYMENT,9655611355,ANNA NAGAR,RR KUMAR,56,SANJAY,₹29.00,0.00%,SILVER,1,1624,292,1917,Sep 2025,4-Sep-2025,1-Sep-2025,,1 October 2025,October 2025,"₹222,756",,,81,,1624,,
248,(M) MANSION XYZ ROYAL,RENEWAL PAY,FULL PAYMENT,8124967177,COIMBATORE,RAVICHANDRAN,60,PARTHA,₹30.00,38.78%,GOLD,1,1800,324,2124,Sep 2025,5-Sep-2025,1-Sep-2025,,1 October 2025,October 2025,,,,90,,1800,,
249,(M) DVR MENS HOSTEL,RENEWAL PAY,FULL PAYMENT,7871064647, ANNA NAGAR,SIRANJEEVI,110,PARTHA,₹16.75,42.24%,SILVER,3,5528,995,6522,Sep 2025,5-Sep-2025,1-Sep-2025,,1 December 2025,December 2025,,,,276,,1843,,
250,(M)  OM SHAKTHI LADIES PG,RENEWAL PAY,FULL PAYMENT,9444400433,THORAIPAKKAM,YOKESH,80,SANJAY,₹29.00,0.00%,SILVER,1,2320,418,2737,Sep 2025,9-Sep-2025,1-Sep-2025,,1 October 2025,October 2025,,,,116,,2320,,
251,(M) BLUEBERRY HOSTEL,RENEWAL PAY,FULL PAYMENT,7299055657,PORUR,BALA MURUGANANTHAM,80,SANJAY,₹19.00,34.48%,SILVER,1,1520,274,1793,Sep 2025,9-Sep-2025,1-Sep-2025,,1 October 2025,October 2025,,,,76,,1520,,
252,(M) VELS MENS HOSTEL,RENEWAL PAY,FULL PAYMENT,9962966533,PORUR,THANIGAIVEL NAGARAJAN,251,PARTHA,₹15.00,48.28%,SILVER,6,22590,4066,26656,Sep 2025,10-Sep-2025,1-Sep-2025,,1 March 2026,March 2026,,,,1130,,3765,,
253,(M) VINAYAK MEN'S & WOMEN'S HOSTEL,RENEWAL PAY,FULL PAYMENT,9566098058,SHOLINGANALLUR ,JAYANTHI GANESAN,126,SANJAY,₹30.00,38.78%,GOLD,1,3780,680,4460,Sep 2025,10-Sep-2025,1-Sep-2025,,1 October 2025,October 2025,,,,378,,3780,,
254,(M) ISHA LIVING PG,RENEWAL PAY,FULL PAYMENT,8838388245,PORUR,MADHU SUDHANAN,50,PARTHA,₹20.00,31.03%,SILVER,3,3000,540,3540,Sep 2025,11-Sep-2025,1-Sep-2025,,1 December 2025,December 2025,,,,150,,1000,,
255,(M) GTR PG,RENEWAL PAY,FULL PAYMENT,9345319319,NAVALUR,Thrivenureddy,140,SANJAY,₹6.00,68.42%,BRONZE,6,5040,907,5947,Sep 2025,11-Sep-2025,1-Sep-2025,,1 March 2026,March 2026,,,,252,,840,,
256,(M) JR MENS Hostel,RENEWAL PAY,FULL PAYMENT,8925415772,ANNA NAGAR,RADHAKRISHANAN,117,PARTHA,₹15.00,48.28%,SILVER,3,5265,948,6213,Sep 2025,11-Sep-2025,1-Sep-2025,,1 December 2025,December 2025,,,,263,,1755,,
257,(M) SANJAY MANSION ,FIRST PAY,FULL PAYMENT,8110889900,COIMBATORE,NANDAGOPAL,135,PARTHA,₹16.10,44.48%,SILVER,12,26085,4695,30780,Sep 2025,11-Sep-2025,1-Sep-2025,Sep 25,1 September 2026,September 2026,,,,2609,,2174,,
258,(M) SAI SRINIVASA GENT'S PG ,RENEWAL PAY,FULL PAYMENT,8074227209,KARAPAKKAM,S Raghuramireddy,80,PARTHA,₹15.90,45.17%,SILVER,1,1272,229,1501,Sep 2025,12-Sep-2025,1-Aug-2025,,1 September 2025,September 2025,,,,64,,1272,,
259,RK APARTMENT,RENEWAL PAY,FULL PAYMENT,9940860106,SRIPERUMBUDUR,PERUM KUMAR,22,SANJAY,₹49.00,0.00%,GOLD,1,1078,194,1272,Sep 2025,12-Sep-2025,1-Sep-2025,,1 October 2025,October 2025,,,,54,,1078,,
260,(M) SRI KRISHNA GRAND STAY ,RENEWAL PAY,FULL PAYMENT,9121651913, SHOLINGNALUR ,Lokesh,118,SANJAY,₹27.00,44.90%,GOLD,3,9558,1720,5639,Sep 2025,13-Sep-2025,1-Sep-2025,,1 October 2025,October 2025,,,,478,,3186,,
261,(M) J.P HOSTEL MEN'S PG,RENEWAL PAY,FULL PAYMENT,9940681077,EKKATTUTHANGAL ,KARTHIKEYEN ,45,SANJAY,₹29.00,0.00%,SILVER,1,1305,235,1539,Sep 2025,13-Sep-2025,1-Sep-2025,,1 October 2025,October 2025,,,,65,,1305,,
262,(M) Sri Vaishnava Group,RENEWAL PAY,FULL PAYMENT,9840020408,T NAGAR,Kota Thrivikram,18,PARTHA,₹40.00,18.37%,GOLD,1,720,130,849,Sep 2025,15-Sep-2025,1-Sep-2025,,1 October 2025,October 2025,,,,36,,720,,
263,(M) PROPSY HOMES - ARDENWOOD PG,PART 02,FULL PAYMENT,8925980510,SIRUCHERI,BHARATH,90,PARTHA,₹30.00,38.78%,GOLD,12,32400,5832,19116,Sep 2025,15-Sep-2025,1-Aug-2025,,1 August 2026,August 2026,,,,3240,,2700,,
264,(M) MAHALAKSHMI MEN'S & LADIES HOSTEL ,RENEWAL PAY,FULL PAYMENT,9952035896,RAMAPURAM ,MANOJ KUMAR BARIK,215,SANJAY,₹15.50,46.55%,SILVER,3,9998,1800,11797,Sep 2025,16-Sep-2025,1-Aug-2025,,1 November 2025,November 2025,,,,500,,3333,,
265,(M) SARA HOSTEL,RENEWAL PAY,FULL PAYMENT,9159174174,EKAATTUTHANGAL,RAM,196,PARTHA,₹19.00,34.48%,SILVER,1,3724,670,4394,Sep 2025,16-Sep-2025,1-Sep-2025,,1 October 2025,October 2025,,,,186,,3724,,
266,(M) KEYNESTLIVING,FIRST PAY,FULL PAYMENT,9566713607,THORAIPAKKAM,BHUVANESH ,14,PARTHA,₹29.00,0.00%,SILVER,1,406,73,479,Sep 2025,18-Sep-2025,1-Sep-2025,Sep 25,1 October 2025,October 2025,,,,41,,406,,
267,(M) AURIX LIV’IN,FIRST PAY,FULL PAYMENT,9447086363,BANGLORE ,Mohamend Riyaz TK,100,PARTHA,₹45.00,8.16%,GOLD,12,54000,9720,20000,Sep 2025,25-Sep-2025,1-Oct-2025,Oct 25,1 October 2026,October 2026,,,,,,4500,,
268,(M) PROPSY HOMES - RESIDENTIAL ,RENEWAL PAY,FULL PAYMENT,8880660000,SIRUCHERI,BHARATH,59,PARTHA,₹50.00,75.00%,GOLD - COMMERCIAL,1,2950,531,3481,Sep 2025,27-Sep-2025,1-Sep-2025,,1 October 2025,October 2025,,,,148,,2950,,
269,(M) SAJ ( Greencarrier Exim Logistics ),FIRST PAY,FULL PAYMENT,8589959990,KERALA,ISMAL M A,100,PARTHA,₹42.37,13.52%,GOLD,12,50848,9153,60000,Sep 2025,29-Sep-2025,1-Oct-2025,Oct 25,1 October 2026,October 2026,,,,5085,,4237,,
270,(M) LIVING WORLD. PG,RENEWAL PAY,FULL PAYMENT,9655611355,ANNA NAGAR,RR KUMAR,56,SANJAY,₹29.00,0.00%,SILVER,1,1624,292,1917,Oct 2025,30-Sep-2025,1-Oct-2025,,1 November 2025,November 2025,"₹192,532","₹753,152",,81,,1624,,
271,(M)  OM SHAKTHI LADIES PG,RENEWAL PAY,FULL PAYMENT,9444400433,THORAIPAKKAM,YOKESH,81,SANJAY,₹29.00,0.00%,SILVER,1,2349,423,2772,Oct 2025,4-Oct-2025,1-Oct-2025,,1 November 2025,November 2025,,,,117,,2349,,
272,(M) RAAGA NIVAS,RENEWAL PAY,FULL PAYMENT,9000305550,CHENNAI,NITI,7,PARTHA,₹49.00,0.00%,GOLD,3,1029,185,1214,Oct 2025,5-Oct-2025,1-Oct-2025,,1 January 2026,January 2026,,,,51,,343,,
273,(M) SRI KRISHNA GRAND STAY ,PART 02,FULL PAYMENT,9121651913, SHOLINGNALUR ,Lokesh,118,SANJAY,₹27.00,44.90%,GOLD,3,9558,1720,5639,Oct 2025,5-Oct-2025,1-Sep-2025,,1 December 2025,December 2025,,,,478,,3186,,
274,(M)  FEMINA MENS HOSTEL,RENEWAL PAY,FULL PAYMENT,9443816134,KODAMBAKKAM,RAJAN,468,PARTHA,₹14.50,50.00%,SILVER,6,40716,7329,48045,Oct 2025,6-Oct-2025,1-Oct-2025,,1 April 2026,April 2026,,,,2036,,6786,,
275,(M) FLEXTAYS,FIRST PAY,FULL PAYMENT,7510889033,KERALA ,Abey Antony M,8,PARTHA,₹49.00,0.00%,GOLD,1,392,71,463,Oct 2025,6-Oct-2025,1-Oct-2025,Oct 25,1 November 2025,November 2025,,,,39,,392,,
276,(M) KRISHNALAYAM PG,RENEWAL PAY,FULL PAYMENT,7299078300,VELACHERY,RAMA KRISHNAN,293,PARTHA,₹30.00,38.78%,GOLD,2,20034,3606,"23,640",Oct 2025,6-Oct-2025,1-Oct-2025,,1 January 2026,January 2026,,,,1002,,10017,,
277,(M) KEYNESTLIVING,RENEWAL PAY,FULL PAYMENT,9566713607,THORAIPAKKAM,BHUVANESH ,20,PARTHA,₹29.00,0.00%,SILVER,1,580,104,684,Oct 2025,6-Oct-2025,1-Oct-2025,,1 November 2025,November 2025,,,,29,,580,,
278,(M) SR2 MEN'S HOSTEL,FIRST PAY,FULL PAYMENT,8489034789,PERUNGKUDI,Rashya,122,SANJAY,₹16.10,44.48%,SILVER,6,11787,2122,13908,Oct 2025,8-Oct-2025,1-Oct-2025,Oct 25,1 April 2026,April 2026,,,,1179,,1964,,
279,(M) VINAYAK MEN'S & WOMEN'S HOSTEL,RENEWAL PAY,FULL PAYMENT,9566098058,SHOLINGANALLUR ,JAYANTHI GANESAN,124,SANJAY,₹30.00,38.78%,GOLD,1,3720,670,4389,Oct 2025,8-Oct-2025,1-Oct-2025,,1 November 2025,November 2025,,,,186,,3720,,
280,(M) KALYANI PG ,RENEWAL PAY,FULL PAYMENT,9715000044,SIRUCHERI,K RAMA SUBBA REDDY,168,SANJAY,₹14.50,50.00%,SILVER,3,7308,1315,8623,Oct 2025,9-Oct-2025,1-Oct-2025,,1 January 2026,January 2026,,,,365,,2436,,
281,RK APARTMENT,RENEWAL PAY,FULL PAYMENT,9940860106,SRIPERUMBUDUR,PERUM KUMAR,22,SANJAY,₹49.00,0.00%,GOLD,1,1078,194,1272,Oct 2025,9-Oct-2025,1-Oct-2025,,1 November 2025,November 2025,,,,54,,1078,,
282,(M) SLEEPY STAY,RENEWAL PAY,FULL PAYMENT,7200600615, COIMBATORE,Venkat R,112,PARTHA,₹6.00,68.42%,BRONZE,2,1344,242,1586,Oct 2025,9-Oct-2025,1-Oct-2025,,1 December 2025,December 2025,,,,67,,672,,
283,(M) Jayiashree Guest House,RENEWAL PAY,FULL PAYMENT,9739042065,ERODE,Prabhu,49,PARTHA,₹10.00,47.37%,BRONZE,12,5880,1058,6938,Oct 2025,10-Oct-2025,1-Oct-2025,,1 October 2026,October 2026,,,,294,,490,,
284,(M) LINGA RESIDENCY,RENEWAL PAY,FULL PAYMENT,7010470642,MADIPAKKAM,SUDHARSON,29,SANJAY,₹20.30,30.00%,SILVER,6,3532,636,4168,Oct 2025,11-Oct-2025,1-Oct-2025,,1 April 2026,April 2026,,,,177,,589,,
285,(M) J.P HOSTEL MEN'S PG,RENEWAL PAY,FULL PAYMENT,9940681077,EKKATTUTHANGAL ,KARTHIKEYEN ,45,SANJAY,₹29.00,0.00%,SILVER,1,1305,235,1539,Oct 2025,12-Oct-2025,1-Oct-2025,,1 November 2025,November 2025,,,,65,,1305,,
286,(M) SAI SRINIVASA GENT'S PG ,RENEWAL PAY,FULL PAYMENT,8074227209,KARAPAKKAM,S Raghuramireddy,80,PARTHA,₹15.90,45.17%,SILVER,1,1272,229,1501,Oct 2025,13-Oct-2025,1-Sep-2025,,1 October 2025,October 2025,,,,64,,1272,,
287,(M) SAI SRINIVASA GENT'S PG ,RENEWAL PAY,FULL PAYMENT,8074227209,KARAPAKKAM,S Raghuramireddy,80,PARTHA,₹15.90,45.17%,SILVER,1,1272,229,1501,Oct 2025,13-Oct-2025,1-Oct-2025,,1 November 2025,November 2025,,,,64,,1272,,
288,(M) T STAYS,PART 03,FULL PAYMENT,9500084503,MOGAPPAIR,SATHIYARAJ,334,SANJAY,₹21.00,57.14%,GOLD,6,42084,7575,6533,Oct 2025,12-Oct-2025,1-Mar-2025,,1 November 2025,November 2025,,,,,,7014,,
289,(M) AKR WOMEN'S HOSTEL ,FIRST PAY,FULL PAYMENT,95145 50011,AMBUTTUR,THINAKARAN,28,SANJAY,₹16.95,41.56%,SILVER,12,5695,1025,6720,Oct 2025,14-Oct-2025,1-Oct-2025,Oct 25,9 October 2026,October 2026,,,,569,,475,,
290,HAPPY LIVING WOMEN'S HOSTEL,RENEWAL PAY,FULL PAYMENT,9003578181,COIMBATORE,SOMASUNDHARAM,112,PARTHA,₹14.00,51.72%,SILVER,6,9408,1693,11101,Oct 2025,15-Oct-2025,1-Oct-2025,,1 March 2026,March 2026,,,,,,1568,,
291,(M) RELAXO PG,FIRST PAY,FULL PAYMENT,7708793813,SAIGRAMAM,SHAIK FAREED,58,SANJAY,₹19.00,34.48%,SILVER,12,13224,2380,15604,Oct 2025,16-Oct-2025,1-Oct-2025,Oct 25,14 October 2026,October 2026,,,,1322,,1102,,
292,(M) SARA HOSTEL,RENEWAL PAY,FULL PAYMENT,9159174174,EKAATTUTHANGAL,RAM,196,PARTHA,₹19.00,34.48%,SILVER,1,3724,670,4394,Oct 2025,23-Oct-2025,1-Oct-2025,,1 November 2025,November 2025,,,,186,,3724,,
293,(M) RHINES PG,FIRST PAY,FULL PAYMENT,9995306289,KERALA,JITHISH RHINE ,20,PARTHA,₹49.00,0.00%,GOLD,1,980,176,1156,Oct 2025,25-Oct-2025,1-Oct-2025,Oct 25,25 November 2025,November 2025,,,,98,,980,,
294,(M) Sri Vaishnava Group,RENEWAL PAY,FULL PAYMENT,9840020408,T NAGAR,Kota Thrivikram,18,PARTHA,₹40.00,18.37%,GOLD,1,720,130,849,Oct 2025,28-Oct-2025,1-Oct-2025,,1 November 2025,November 2025,,,,36,,720,,
295, (M) SAI SAKTHI WOMEN'S HOSTEL ,FIRST PAY,FULL PAYMENT,9500188881,MOGAPPIR,ELANGOVAN,88,SANJAY,₹29.00,0.00%,SILVER,1,2552,459,3011,Oct 2025,29-Oct-2025,1-Nov-2025,Nov 25,1 December 2025,December 2025,,,,255,,2552,,
296,(M) T STAYS,PART 04,FULL PAYMENT,9500084503,MOGAPPAIR,SATHIYARAJ,334,SANJAY,₹21.00,57.14%,GOLD,6,42084,7575,10000,Oct 2025,12-Oct-2025,1-Mar-2025,,1 November 2025,November 2025,,,,2104,,7014,,
297,(M) PREMIER CLEAR PRODUCTS ,FIRST PAY,FULL PAYMENT,9447100901,KERALA,JOY VARGHESHE,10,PARTHA,₹95.00,52.50%,GOLD - COMMERCIAL,3,2850,513,3363,Oct 2025,31-Oct-2025,1-Nov-2025,Nov 25,1 February 2026,February 2026,,,,285,,950,,
298,(M) LIVING WORLD. PG,RENEWAL PAY,FULL PAYMENT,9655611355,ANNA NAGAR,RR KUMAR,56,SANJAY,₹29.00,0.00%,SILVER,1,1624,292,1917,Nov 2025,1-Nov-2025,1-Nov-2025,,1 December 2025,December 2025,"₹201,318",,,81,,1624,,
299,(M) FLORA MEN'S HOSTEL,RENEWAL PAY,FULL PAYMENT,9884985953,TAMBARAM,JAWAHARDEEN M A,151,SANJAY,₹10.00,47.37%,BRONZE,3,4530,815,5345,Nov 2025,4-Nov-2025,1-Nov-2025,,1 February 2026,February 2026,,,,227,,1510,,
300,(M) KEYNESTLIVING,RENEWAL PAY,FULL PAYMENT,9566713607,THORAIPAKKAM,BHUVANESH ,31,PARTHA,₹29.00,0.00%,SILVER,1,899,162,1061,Nov 2025,4-Nov-2025,1-Nov-2025,,1 December 2025,December 2025,,,,45,,899,,
301,(M)  NATIONAL MEN'S HOSTEL,RENEWAL PAY,FULL PAYMENT,9789008563,EKAATTUTHANGAL,RAJESH,350,PARTHA,₹13.85,52.24%,SILVER,3,14543,2618,17160,Nov 2025,4-Nov-2025,1-Nov-2025,,1 February 2026,February 2026,,,,727,,4848,,
302,(M) ISHWARYA MANSION ,RENEWAL PAY,FULL PAYMENT,9629311151,COIMBATORE ,ARAVIND,110,PARTHA,₹12.71,56.17%,SILVER,12,16780,3020,19800,Nov 2025,5-Nov-2025,1-Nov-2025,,1 November 2026,November 2026,,,,839,,1398,,
303,(M)  OM SHAKTHI LADIES PG,RENEWAL PAY,FULL PAYMENT,9444400433,THORAIPAKKAM,YOKESH,81,SANJAY,₹29.00,0.00%,SILVER,1,2349,423,2771,Nov 2025,4-Nov-2025,1-Nov-2025,,1 December 2025,December 2025,,,,117,,2349,,
304,(M) SAI ANBALAYAAS MEN'S HOSTEL,RENEWAL PAY,FULL PAYMENT,6383777615,VANDALUR,ANBALAGAN,137,PARTHA,₹10.00,47.37%,BRONZE,3,4110,740,4850,Nov 2025,7-Nov-2025,1-Nov-2025,,1 February 2026,February 2026,,,,206,,1370,,
305,(M) SELVA SAI HOSTEL,RENEWAL PAY,FULL PAYMENT,8056031900, SHOLINGNALUR ,Suraj S A,206,SANJAY,₹12.29,57.62%,SILVER,12,30381,5469,35849,Nov 2025,8-Nov-2025,1-Nov-2025,,1 November 2026,November 2026,,,,1519,,2532,,
306,(M) VINAYAK MEN'S & WOMEN'S HOSTEL,RENEWAL PAY,FULL PAYMENT,9566098058,SHOLINGANALLUR ,JAYANTHI GANESAN,123,SANJAY,₹30.00,38.78%,GOLD,1,3690,664,4353,Nov 2025,9-Nov-2025,1-Nov-2025,,1 December 2025,December 2025,,,,185,,3690,,
307,(M) RIYA HOSTEL,RENEWAL PAY,FULL PAYMENT,9047444323,PERUNGUDI,Ravi chandiran,180,SANJAY,₹14.50,50.00%,SILVER,6,15660,2819,18478,Nov 2025,10-Nov-2025,1-Nov-2025,,1 May 2026,May 2026,,,,783,,2610,,
308,(M) NARUVI PG,PART 02,FULL PAYMENT,9894993015,ANNA NAGAR,NAVANEETHAN,156,SANJAY,₹22.05,55.00%,GOLD,12,41278,7430,12417,Nov 2025,11-Nov-2025,1-Aug-2025,,1 February 2026,February 2026,,,,,,3440,,
309,(M) J.P HOSTEL MEN'S PG,RENEWAL PAY,FULL PAYMENT,9940681077,EKKATTUTHANGAL ,KARTHIKEYEN ,47,SANJAY,₹29.00,0.00%,SILVER,1,1363,245,1607,Nov 2025,12-Nov-2025,1-Nov-2025,,1 December 2025,December 2025,,,,68,,1363,,
310,(M) Sri Vaishnava Group,RENEWAL PAY,FULL PAYMENT,9840020408,T NAGAR,Kota Thrivikram,18,PARTHA,₹40.00,18.37%,GOLD,1,720,130,849,Nov 2025,13-Nov-2025,1-Nov-2025,,1 December 2025,December 2025,,,,36,,720,,
311,(M) SAI SRINIVASA GENT'S PG ,RENEWAL PAY,FULL PAYMENT,8074227209,KARAPAKKAM,S Raghuramireddy,80,PARTHA,₹15.90,45.17%,SILVER,1,1272,229,1501,Nov 2025,16-Nov-2025,1-Nov-2025,,1 December 2025,December 2025,,,,64,,1272,,
312,(M) RK APARTMENT,RENEWAL PAY,FULL PAYMENT,9940860106,SRIPERUMBUDUR,PERUM KUMAR,22,SANJAY,₹49.00,0.00%,GOLD,1,1078,194,1272,Nov 2025,16-Nov-2025,1-Nov-2025,,1 December 2025,December 2025,,,,54,,1078,,
313,(M) FLEXTAYS,RENEWAL PAY,FULL PAYMENT,7510889033,KERALA ,Abey Antony M,8,PARTHA,₹49.00,0.00%,GOLD,1,392,71,463,Nov 2025,16-Nov-2025,1-Nov-2025,,1 December 2025,December 2025,,,,20,,392,,
314,(M) NEUOME,FIRST PAY,FULL PAYMENT,9952915030,VELEPPANCHAVADI,SATHYANARAYANAN N S,58,SANJAY,₹30.00,38.78%,GOLD,6,10440,1879,12319,Nov 2025,19-Nov-2025,15-Nov-2025,Nov 25,15 May 2026,May 2026,,,,1044,,1740,,
315,(M) RAMYA RESIDENCY ,BED TOP UP,FULL PAYMENT,9494510683, PERUNGUDI ,VARUN KUMAR,72,SANJAY,₹16.00,44.83%,SILVER,4,4608,829,5437,Nov 2025,21-Nov-2025,1-Sep-2025,,1-Jan-2026,January 2026,,,,230,,1152,,
316,(M) RENTOUSE MEN'S HOSTEL,FIRST PAY,FULL PAYMENT,9496974059,KERALA,SANDEEP,83,PARTHA,₹29.00,0.00%,SILVER,1,2407,433,2840,Nov 2025,24-Nov-2025,1-Dec-2025,Dec 25,1-Jan-2026,January 2026,,,,241,,2407,,
317,(M) KE COMPLEX ,RENEWAL PAY,FULL PAYMENT,918606715602,KERALA,MOHAMED ASHIQ,7,PARTHA,₹19.00,34.48%,SILVER,12,1596,287,1883,Nov 2025,24-Nov-2025,1-Dec-2025,Dec 25,1-Dec-2026,December 2026,,,,80,,133,,
318,(M) SRINIVASAN OWNER RENTAL HOUSE,RENEWAL PAY,FULL PAYMENT,9176477037,MEDAVAKKAM,GOKUL,19,PARTHA,₹29.00,0.00%,SILVER,1,551,99,650,Nov 2025,24-Nov-2025,1-Dec-2025,Dec 25,1-Jan-2026,January 2026,,,,28,,551,,
319,(M) K G HOSPITALITY,FIRST PAY,FULL PAYMENT,9176000079,ANNA NAGAR,Sevaaji Ganesh ,50,SANJAY,₹17.00,41.38%,SILVER,12,10200,1836,12036,Nov 2025,25-Nov-2025,1-Dec-2025,Dec 25,1-Jan-2027,January 2027,,,,1020,,850,,
320,(M) JK MEN'S AND STUDENT HOSTEL,RENEWAL PAY,FULL PAYMENT,9962006163,ANNA NAGAR,JAYASHREE,155,SANJAY,₹16.00,44.83%,SILVER,3,7440,1339,8778,Nov 2025,25-Nov-2025,1-Oct-2025,,1-Jan-2026,January 2026,,,,372,,2480,,
321,(M) RHINES PG,RENEWAL PAY,FULL PAYMENT,9995306289,KERALA,JITHISH RHINE ,20,PARTHA,₹49.00,0.00%,GOLD,1,980,176,1156,Nov 2025,25-Nov-2025,25-Nov-2025,Nov 25,25 December 2025,December 2025,,,,98,,980,,
322,(M) IN MEN'S AND PG HOSTEL ,RENEWAL PAY,FULL PAYMENT,9626833233,COIMBATORE ,ABIHI,48,PARTHA,₹21.75,25.00%,SILVER,3,3132,564,3695,Nov 2025,28-Nov-2025,1-Nov-2025,Nov 25,1 February 2026,February 2026,,,,313,,1044,,
323,(M) LIVING WORLD. PG,RENEWAL PAY,FULL PAYMENT,9655611355,ANNA NAGAR,RR KUMAR,58,SANJAY,₹29.00,0.00%,SILVER,1,1682,303,1984,Dec 2025,30-Nov-2025,1-Dec-2025,,1-Jan-2026,January 2026,"₹359,302",,,84,,1682,,
324,(M) DVR MENS HOSTEL,RENEWAL PAY,FULL PAYMENT,7871064647, ANNA NAGAR,SIRANJEEVI,110,PARTHA,₹16.75,42.24%,SILVER,3,5528,995,6522,Dec 2025,1-Dec-2025,1-Dec-2025,,1 March 2026,March 2026,,,,276,,1843,,
325,(M) SRI SAI DELUXE PREMIUM LADIES PG,RENEWAL PAY,FULL PAYMENT,8977722233,THORAIPAKKAM,SUDHAKAR KOLLIREDDY,289,SANJAY,₹7.00,63.16%,BRONZE,6,12138,2185,14323,Dec 2025,2-Dec-2025,1-Dec-2025,,1 June 2026,June 2026,,,,607,,2023,,
326,(M) AURIX LIV’IN,PART 02,FULL PAYMENT,9447086363,BANGLORE ,Mohamend Riyaz TK,100,PARTHA,₹45.00,8.16%,GOLD,12,54000,9720,11860,Dec 2025,2-Dec-2025,1-Oct-2025,,1 March 2026,March 2026,,,,0,,4500,,
327,(M) KR MENS HOSTEL,RENEWAL PAY,FULL PAYMENT,9884668823,SIRUCHERI,SWAGGY,162,PARTHA,₹16.00,44.83%,SILVER,6,15552,2799,18351,Dec 2025,3-Dec-2025,1-Dec-2025,,1 June 2026,June 2026,,,,778,,2592,,
328,(M) KEYNESTLIVING,RENEWAL PAY,FULL PAYMENT,9566713607,THORAIPAKKAM,BHUVANESH ,37,PARTHA,₹29.00,0.00%,SILVER,1,1073,193,1266,Dec 2025,4-Dec-2025,1-Dec-2025,,1-Jan-2026,January 2026,,,,54,,1073,,
329,(M) GANAPATHI PG,BED TOP UP,FULL PAYMENT,7845911909,THORAIPAKKAM,SURIYA,114,SANJAY,₹30.00,38.78%,GOLD,1,3420,616,4036,Dec 2025,4-Dec-2025,1-Dec-2025,,1-Jan-2026,January 2026,,,,171,,3420,,
330,(M) LOGANATHAN HOUSE,FIRST PAY,FULL PAYMENT,8124545524,PUTHUPET,SHALINI,2,SANJAY,₹100.00,50.00%,GOLD - COMMERCIAL,1,200,36,236,Dec 2025,4-Dec-2025,4-Dec-2025,Dec 25,4-Jan-2026,January 2026,,,,10,,200,,
331,(M) SRI KRISHNA GRAND STAY ,RENEWAL PAY,FULL PAYMENT,9121651913, SHOLINGNALUR ,Lokesh,102,SANJAY,₹27.00,44.90%,GOLD,3,8262,1487,5000,Dec 2025,4-Dec-2025,1-Dec-2025,,1-Jan-2026,January 2026,,,,,,2754,,
332,(M)  OM SHAKTHI LADIES PG,RENEWAL PAY,FULL PAYMENT,9444400433,THORAIPAKKAM,YOKESH,81,SANJAY,₹29.00,0.00%,SILVER,1,2349,423,2771,Dec 2025,5-Dec-2025,1-Dec-2025,,1-Jan-2026,January 2026,,,,117,,2349,,
333,(M) AJ HOSTELS,RENEWAL PAY,FULL PAYMENT,8098509000,PALLIKARANAI,ADAIKALARAJ,110,PARTHA,₹12.50,56.90%,SILVER,12,16500,2970,19470,Dec 2025,5-Dec-2025,1-Dec-2025,,1 December 2026,December 2026,,,,825,,1375,,
334,(M) SAI SRINIVASA GENT'S PG ,RENEWAL PAY,FULL PAYMENT,8074227209,KARAPAKKAM,S Raghuramireddy,80,PARTHA,₹15.90,45.17%,SILVER,1,1272,229,1500,Dec 2025,5-Dec-2025,1-Dec-2025,,1-Jan-2026,January 2026,,,,64,,1272,,
335,(M) JR MENS Hostel,RENEWAL PAY,FULL PAYMENT,8925415772,ANNA NAGAR,RADHAKRISHANAN,116,PARTHA,₹15.00,48.28%,SILVER,3,5220,940,6160,Dec 2025,5-Dec-2025,1-Dec-2025,,1-Mar-2026,March 2026,,,,261,,1740,,
336,(M) MAGNUM GOLD MEN’S PG ,RENEWAL PAY,FULL PAYMENT,8939783462,PORUR,VEL MURGAN,97,PARTHA,₹14.50,50.00%,SILVER,12,16878,3038,6000,Dec 2025,5-Dec-2025,1-Dec-2025,,1-Jan-2026,January 2026,,,,844,,1407,,
337,(M) Sri Vaishnava Group,RENEWAL PAY,FULL PAYMENT,9840020408,T NAGAR,Kota Thrivikram,24,PARTHA,₹40.00,18.37%,GOLD,1,960,173,1132,Dec 2025,6-Dec-2025,1-Dec-2025,,1-Jan-2026,January 2026,,,,48,,960,,
338,(M) SARA HOSTEL,RENEWAL PAY,FULL PAYMENT,9159174174,EKAATTUTHANGAL,RAM,194,PARTHA,₹19.00,34.48%,SILVER,1,3686,663,4349,Dec 2025,7-Dec-2025,1-Nov-2025,,1 December 2025,December 2025,,,,184,,3686,,
339,(M) SR PG BOARDING,RENEWAL PAY,FULL PAYMENT,9600108444,KANCHIPURAM,SUMATHI REDDY,125,PARTHA,₹19.00,34.48%,SILVER,12,28500,5130,33630,Dec 2025,9-Dec-2025,1-Dec-2025,,1 December 2026,December 2026,,,,1425,,2375,,
340,(M) ISHA LIVING PG,RENEWAL PAY,FULL PAYMENT,8838388245,PORUR,MADHU SUDHANAN,50,PARTHA,₹20.00,31.03%,SILVER,3,3000,540,3540,Dec 2025,9-Dec-2025,1-Dec-2025,,1 March 2026,March 2026,,,,150,,1000,,
341,(M) VINAYAK MEN'S & WOMEN'S HOSTEL,RENEWAL PAY,FULL PAYMENT,9566098058,SHOLINGANALLUR ,JAYANTHI GANESAN,125,SANJAY,₹30.00,38.78%,GOLD,1,3750,675,4425,Dec 2025,9-Dec-2025,1-Dec-2025,,1-Jan-2026,January 2026,,,,188,,3750,,
342,(M) SKY GRAND MEN'S PG & HOSTEL ,FIRST PAY,FULL PAYMENT,8681815001,COIMBATORE ,ABHIJITH,143,PARTHA,₹19.00,34.48%,SILVER,3,8151,1467,9618,Dec 2025,9-Dec-2025,1-Nov-2025,Nov 25,1 February 2026,February 2026,,,,815,,2717,,
343,(M) DURGA NIVAS WOMEN'S HOSTEL,RENEWAL PAY,FULL PAYMENT,9841384335,ANNA NAGAR,N SREEKALA,1000,PARTHA,₹11.87,59.07%,SILVER,12,142440,25639,42019,Dec 2025,10-Dec-2025,1-Dec-2025,,1-Jan-2026,January 2026,,,,,,11870,,
344,(M) VANI VENI HOSTEL,FIRST PAY,FULL PAYMENT,8939061459,AMBUTTUR,KALIVANI,38,PARTHA,₹21.00,27.59%,SILVER,1,798,144,942,Dec 2025,13-Dec-2025,13-Dec-2025,Dec 25,13 January 2026,January 2026,,,,80,,798,,
345,(M) FLEXTAYS,RENEWAL PAY,FULL PAYMENT,7510889033,KERALA ,Abey Antony M,8,PARTHA,₹49.00,0.00%,GOLD,1,392,71,462,Dec 2025,13-Dec-2025,1-Dec-2025,,1-Jan-2026,January 2026,,,,20,,392,,
346,(M) SLEEPY STAY,RENEWAL PAY,FULL PAYMENT,7200600615, COIMBATORE,Venkat R,112,PARTHA,₹6.00,68.42%,BRONZE,2,1344,242,1586,Dec 2025,13-Dec-2025,1-Dec-2025,,1-Feb-2026,February 2026,,,,67,,672,,
347,(M) J.P HOSTEL MEN'S PG,RENEWAL PAY,FULL PAYMENT,9940681077,EKKATTUTHANGAL ,KARTHIKEYEN ,52,SANJAY,₹29.00,0.00%,SILVER,1,1508,271,1778,Dec 2025,16-Dec-2025,1-Dec-2025,,1-Jan-2026,January 2026,,,,75,,1508,,
348,(M) SRI BALAJI HOSTEL & PG,FIRST PAY,FULL PAYMENT,7358566311,ECHANARI,VIJAYA SEKARAN V,220,PARTHA,₹16.10,44.48%,SILVER,3,10627,1913,12540,Dec 2025,18-Dec-2025,1-Dec-2025,Dec 25,1 March 2026,March 2026,,,,1063,,3542,,
349,(M) T STAYS,RENEWAL PAY,FULL PAYMENT,9500084503,MOGAPPAIR,SATHIYARAJ,216,SANJAY,₹21.00,57.14%,GOLD,6,27216,4899,10705,Dec 2025,18-Dec-2025,1-Sep-2025,,1-Dec-2025,December 2025,,,,,,4536,,
350,(M) ESAKI WOMEN'S PG,FIRST PAY,FULL PAYMENT,9940230346,TRIPLICANE,PADMAVATHY,58,SANJAY,₹25.42,48.11%,GOLD,12,17695,3185,20880,Dec 2025,18-Dec-2025,1-Jan-2026,Jan 26,1 January 2027,January 2027,,,,1770,,1475,,
351,(M) RAJA STAYS,FIRST PAY,FULL PAYMENT,9841217595,CHROMPET,SETHU RAJA,86,SANJAY,₹19.00,34.48%,SILVER,3,4902,882,5784,Dec 2025,19-Dec-2025,1-Jan-2026,Jan 26,1 April 2026,April 2026,,,,490,,1634,,
352,(M) MENS PG,FIRST PAY,FULL PAYMENT,6369193442,AMBUTTUR,KARTHICK,15,PARTHA,₹48.00,2.04%,GOLD,1,720,130,850,Dec 2025,20-Dec-2025,1-Jan-2026,Jan 26,1 February 2026,February 2026,,,,72,,720,,
353,(M) F5 STAYS,FIRST PAY,FULL PAYMENT,9597897192,NAVALUR,JANANI,168,SANJAY,₹20.00,31.03%,SILVER,3,10080,1814,11894,Dec 2025,20-Dec-2025,15-Dec-2025,Dec 25,15 March 2026,March 2026,,,,1008,,3360,,
354,(M) ANISH LUXURY GENT'S PG,FIRST PAY,FULL PAYMENT,8838022112,NAVALUR,MADAN KUMAR,100,SANJAY,₹15.00,48.28%,SILVER,6,9000,1620,10620,Dec 2025,23-Dec-2025,1-Jan-2026,Jan 26,1 July 2026,July 2026,,,,900,,1500,,
355,(M) BAP RESIDENCY WOMEN'S HOSTEL ,FIRST PAY,FULL PAYMENT,9363002046,VADA PALANI,YUVRAJ,166,PARTHA,₹15.00,48.28%,SILVER,3,7470,1345,8815,Dec 2025,24-Dec-2025,1-Jan-2026,Jan 26,1 April 2026,April 2026,,,,747,,2490,,
356,(M) RANA RESIDENCY ,FIRST PAY,FULL PAYMENT,9840742842,TRIPLICANE,GANESH,250,PARTHA,₹25.00,48.98%,GOLD,6,37500,6750,44250,Dec 2025,26-Dec-2025,5-Jan-2026,Jan 26,1 July 2026,July 2026,,,,3750,,6250,,
357,(M) RK APARTMENT,RENEWAL PAY,FULL PAYMENT,9940860106,SRIPERUMBUDUR,PERUM KUMAR,22,SANJAY,₹49.00,0.00%,GOLD,1,1078,194,1272,Dec 2025,12-Dec-2025,1-Dec-2025,,1-Jan-2026,January 2026,,,,108,,1078,,
358,(M) RHINES PG,RENEWAL PAY,FULL PAYMENT,9995306289,KERALA,JITHISH RHINE ,20,PARTHA,₹49.00,0.00%,GOLD,1,980,176,1156,Dec 2025,26-Dec-2025,25-Dec-2025,,25-Jan-2026,January 2026,,,,98,,980,,
359,(M) ASIAN GROUPS ,FIRST PAY,FULL PAYMENT,9789125305,CHENNAI,ZOHARUL AMEENUDEEN,6,PARTHA,₹95.00,52.50%,GOLD - COMMERCIAL,3,1710,308,2018,Dec 2025,29-Dec-2025,1-Jan-2026,Jan 26,1 April 2026,April 2026,,,,171,,570,,
360,(M) VAIKUND ESTATE ,FIRST PAY,FULL PAYMENT,9962044605,VILLIVAKKAM,JAYA KRISHNAN,22,PARTHA,₹60.00,70.00%,GOLD - COMMERCIAL,3,3960,713,4672,Dec 2025,29-Dec-2025,1-Jan-2026,Jan 26,1 April 2026,April 2026,,,,396,,1320,,
361,(M) NEW GENTLE MENS PG,FIRST PAY,FULL PAYMENT,7358777494,TYENAMPET,RAVI S,60,SANJAY,₹15.00,48.28%,SILVER,3,2700,486,3186,Dec 2025,30-Dec-2025,1-Jan-2026,Jan 26,1 April 2026,April 2026,,,,270,,900,,
362,(M) MUTHU FINANCE ,FIRST PAY,FULL PAYMENT,9842334040,COIMBATORE,AKIL ANANATH,100,PARTHA,₹25.00,48.98%,GOLD,6,15000,2700,17700,Dec 2025,30-Dec-2025,1-Jan-2026,Jan 26,1 July 2026,July 2026,,,,1500,,2500,,
363,(M) LIVING WORLD. PG,RENEWAL PAY,FULL PAYMENT,9655611355,ANNA NAGAR,RR KUMAR,58,SANJAY,₹29.00,0.00%,SILVER,1,1682,303,1984,Jan 2026,01-Jan-2026,1-Jan-2026,,1-Feb-2026,February 2026,"₹346,496","₹964,908",,168,,1682,,
364,(M) RAAGA NIVAS,RENEWAL PAY,FULL PAYMENT,9000305550,CHENNAI,NITI,7,PARTHA,₹49.00,0.00%,GOLD,3,1029,185,1214,Jan 2026,01-Jan-2026,1-Jan-2026,,1-Apr-2026,April 2026,,,,51,,343,,
365,(M ) CLOUD HOUSE ,FIRST PAY,FULL PAYMENT,7022720454,COIMBATORE,SHAKTHI,20,PARTHA,₹49.00,0.00%,GOLD,1,980,176,1156,Jan 2026,01-Jan-2026,1-Jan-2026,Jan 26,1-Feb-2026,February 2026,,,,98,,980,,
366,(M) SAI SRINIVASA GENT'S PG ,RENEWAL PAY,FULL PAYMENT,8074227209,KARAPAKKAM,S Raghuramireddy,80,PARTHA,₹15.90,45.17%,SILVER,1,1272,229,1500,Jan 2026,02-Jan-2026,1-Jan-2026,,1-Feb-2026,February 2026,,,,127,,1272,,
367,(M) SRI KRISHNA GRAND STAY ,PART 02,FULL PAYMENT,9121651913, SHOLINGNALUR ,Lokesh,102,SANJAY,₹27.00,44.90%,GOLD,3,8262,1487,4750,Jan 2026,04-Jan-2026,1-Dec-2025,,1 March 2026,March 2026,,,,413,,2754,,
368,(M) MAGNUM GOLD MEN’S PG ,RENEWAL PAY,FULL PAYMENT,8939783462,PORUR,VEL MURGAN,97,PARTHA,₹14.50,50.00%,SILVER,12,16878,3038,13916,Jan 2026,04-Jan-2026,1-Dec-2025,,1-Dec-2026,December 2026,,,,844,,1407,,
369,"(M) ""The Banyan"" ",FIRST PAY,FULL PAYMENT,9789858972,ARUMBAKKAM,RADHUL ,44,PARTHA,₹25.00,48.98%,GOLD,3,3300,594,3894,Jan 2026,05-Jan-2026,1-Feb-2026,Feb 26,1-May-2026,May 2026,,,,330,,1100,,
370,(M) JEEVA RESIDENCY,FIRST PAY,FULL PAYMENT,9363223463,COIMBATORE,Dr Thavamani,71,PARTHA,₹29.00,0.00%,SILVER,1,2059,371,2430,Jan 2026,06-Jan-2026,1-Jan-2026,Jan 26,1-Feb-2026,February 2026,,,,206,,2059,,
371,(M) KEYNESTLIVING,RENEWAL PAY,FULL PAYMENT,9566713607,THORAIPAKKAM,BHUVANESH ,58,PARTHA,₹29.00,0.00%,SILVER,1,1682,303,1985,Jan 2026,06-Jan-2026,1-Jan-2026,,1-Feb-2026,February 2026,,,,84,,1682,,
372,(M)  OM SHAKTHI LADIES PG,RENEWAL PAY,FULL PAYMENT,9444400433,THORAIPAKKAM,YOKESH,81,SANJAY,₹29.00,0.00%,SILVER,1,2349,423,2771,Jan 2026,06-Jan-2026,1-Jan-2026,,1-Feb-2026,February 2026,,,,117,,2349,,
373,(M) RENTOUSE MEN'S HOSTEL,RENEWAL PAY,FULL PAYMENT,9496974059,KERALA,SANDEEP,83,PARTHA,₹29.00,0.00%,SILVER,1,2407,433,2840,Jan 2026,06-Jan-2026,1-Jan-2026,,1-Feb-2026,February 2026,,,,120,,2407,,
374,(M) GANAPATHI PG,BED TOP UP,FULL PAYMENT,7845911909,THORAIPAKKAM,SURIYA,182,SANJAY,₹30.00,38.78%,GOLD,1,5460,983,6443,Jan 2026,07-Jan-2026,1-Jan-2026,,1-Jan-2026,January 2026,,,,273,,5460,,
375,(M CHENNAI PODS STAY,FIRST PAY,FULL PAYMENT,9841322222,Madhanandhapuram,Sudhakar,56,SANJAY,₹25.43,48.11%,GOLD,12,17085,3075,20160,Jan 2026,07-Jan-2026,1-Jan-2026,Jan 26,1-Jan-2027,January 2027,,,,1709,,1424,,
376,(M) Sri Vaishnava Group,RENEWAL PAY,FULL PAYMENT,9840020408,T NAGAR,Kota Thrivikram,52,PARTHA,₹40.00,18.37%,GOLD,1,2080,374,2454,Jan 2026,07-Jan-2026,1-Jan-2026,,1-Feb-2026,February 2026,,,,104,,2080,,
377,(M) VINAYAK MEN'S & WOMEN'S HOSTEL,RENEWAL PAY,FULL PAYMENT,9566098058,SHOLINGANALLUR ,JAYANTHI GANESAN,129,SANJAY,₹30.00,38.78%,GOLD,1,3870,697,4567,Jan 2026,07-Jan-2026,1-Jan-2026,,1-Feb-2026,February 2026,,,,194,,3870,,
378,(M) RK APARTMENT,RENEWAL PAY,FULL PAYMENT,9940860106,SRIPERUMBUDUR,PERUM KUMAR,22,SANJAY,₹49.00,0.00%,GOLD,1,1078,194,1272,Jan 2026,07-Jan-2026,1-Jan-2026,,1-Feb-2026,February 2026,,,,54,,1078,,
379,(M) KALYANI PG ,RENEWAL PAY,FULL PAYMENT,9715000044,SIRUCHERI,K RAMA SUBBA REDDY,168,SANJAY,₹14.50,50.00%,SILVER,3,7308,1315,9519,Jan 2026,09-Jan-2026,1-Jan-2026,,1 April 2026,April 2026,,,,365,,2436,,
380,(M) AMBIKA NEST WOMENS HOSTEL,RENEWAL PAY,FULL PAYMENT,7418025005,SIRUSERI SIPCOT,SURESH KUMAR R S,869,PARTHA,₹13.87,52.17%,SILVER,6,72318,13017,85351,Jan 2026,07-Jan-2026,1-Jan-2026,,1-Jul-2026,July 2026,,,,3616,,12053,,
381,(M) FAMCO.LIVING ,FIRST PAY,FULL PAYMENT,7736365500,KERALA,ROHIN RK,160,PARTHA,₹38.00,22.45%,GOLD,6,36480,6566,20000,Jan 2026,08-Jan-2026,6-Feb-2026,Feb 26,6-Aug-2026,August 2026,,,,,,6080,,
382,(M) SHRI SAHASRA WOMEN'S HOSTEL ,FIRST PAY,FULL PAYMENT,9840903744,THORAIPAKKAM,Niranjan P,89,PARTHA,₹19.00,34.48%,SILVER,3,5073,913,5987,Jan 2026,11-Jan-2026,10-Jan-2026,Jan 26,10-Apr-2026,April 2026,,,,507,,1691,,
383,(M) LOGANATHAN HOUSE,RENEWAL PAY,FULL PAYMENT,8124545524,PUTHUPET,SHALINI,2,SANJAY,₹100.00,50.00%,GOLD - COMMERCIAL,1,200,36,89,Jan 2026,11-Jan-2026,4-Jan-2026,Dec 25,4-Feb-2026,February 2026,,,,10,,200,,
384,(M) RAMYA RESIDENCY ,RENEWAL PAY,FULL PAYMENT,9494510683, PERUNGUDI ,VARUN KUMAR,323,SANJAY,₹16.00,44.83%,SILVER,6,31008,5581,36589,Jan 2026,11-Jan-2026,1-Jan-2026,,1-Jul-2026,July 2026,,,,1550,,5168,,
385,(M) KRISHNALAYAM PG,RENEWAL PAY,FULL PAYMENT,7299078300,VELACHERY,RAMA KRISHNAN,293,PARTHA,₹30.00,38.78%,GOLD,3,20034,3606,23642,Jan 2026,11-Jan-2026,1-Jan-2026,,1-Apr-2026,April 2026,,,,1002,,6678,,
386,(M) DURGA NIVAS WOMEN'S HOSTEL,PART 02,FULL PAYMENT,9841384335,ANNA NAGAR,N SREEKALA,1000,PARTHA,₹11.87,59.07%,SILVER,12,142440,25639,42019,Jan 2026,12-Jan-2026,1-Dec-2025,,1-Feb-2026,February 2026,,,,,,11870,,
387,(M) J.P HOSTEL MEN'S PG,RENEWAL PAY,FULL PAYMENT,9940681077,EKKATTUTHANGAL ,KARTHIKEYEN ,52,SANJAY,₹29.00,0.00%,SILVER,1,1508,271,1778,Jan 2026,12-Jan-2026,1-Jan-2026,,1-Feb-2026,February 2026,,,,75,,1508,,
388,(M) VANI VENI HOSTEL,RENEWAL PAY,FULL PAYMENT,8939061459,AMBUTTUR,KALIVANI,37,PARTHA,₹15.00,48.28%,SILVER,3,1665,300,1965,Jan 2026,13-Jan-2026,13-Jan-2026,,14 April 2026,April 2026,,,,83,,555,,
389,(M)  PURPLE STAY WOMENS HOSTEL,FIRST PAY,FULL PAYMENT,8148233546,THIRUVERKADU,Varalakshmi,23,PARTHA,₹26.00,10.34%,SILVER,3,1794,323,2117,Jan 2026,14-Jan-2026,14-Jan-2026,Jan 26,14-Apr-2026,April 2026,,,,179,,598,,
390,(M) SARA HOSTEL,RENEWAL PAY,FULL PAYMENT,9159174174,EKAATTUTHANGAL,RAM,150,PARTHA,₹19.00,34.48%,SILVER,1,2850,513,3363,Jan 2026,16-Jan-2026,1-Dec-2025,,1 January 2026,January 2026,,,,143,,2850,,
391,(M) SARA HOSTEL,RENEWAL PAY,FULL PAYMENT,9159174174,EKAATTUTHANGAL,RAM,150,PARTHA,₹19.00,34.48%,SILVER,1,2850,513,3363,Jan 2026,16-Jan-2026,16-Jan-2026,,16 February 2026,February 2026,,,,143,,2850,,
392,(M) GD MEN'S PG ,BED TOP UP,FULL PAYMENT,7550157955,ANNA NAGAR,SENTHIL SEKAR,19,PARTHA,₹30.00,38.78%,GOLD,7,3990,718,4708,Jan 2026,20-Jan-2026,1-Jan-2026,,1 August 2026,August 2026,,,,200,,570,,
393,(M) NEUOME,BED TOP UP,FULL PAYMENT,9952915030,VELEPPANCHAVADI,SATHYANARAYANAN N S,11,SANJAY,₹30.00,38.78%,GOLD,4,1320,238,1558,Jan 2026,20-Jan-2026,1-Jan-2026,,15 May 2026,May 2026,,,,66,,330,,
394,(M) RELAXO PG,BED TOP UP,FULL PAYMENT,7708793813,SAIGRAMAM,SHAIK FAREED,14,SANJAY,₹19.00,34.48%,SILVER,9,2394,431,2824,Jan 2026,20-Jan-2026,15-Jan-2026,,14 October 2026,October 2026,,,,120,,266,,
395,(M) YOSHITA GROUP OF HOSTELS ,FIRST PAY,FULL PAYMENT,9494344494,PADUR,A Bhargava Reddy,160,SANJAY,₹13.00,55.17%,SILVER,3,6240,1123,7363,Jan 2026,21-Jan-2026,15-Jan-2026,Jan 26,15-Apr-2026,April 2026,,,,624,,2080,,
396,(M) SRINIVASA GROUP OF HOSTEL,FIRST PAY,FULL PAYMENT,7842579035,PADUR,Srikanth Reddy,45,SANJAY,₹13.00,55.17%,SILVER,3,1755,316,2071,Jan 2026,22-Jan-2026,15-Jan-2026,Jan 26,15-Apr-2026,April 2026,,,,176,,585,,
397,(M) JS MEN'S PG HOSTEL,FIRST PAY,FULL PAYMENT,7708551530,AMBUTTUR,SOLOMON PRABHAKAR,43,PARTHA,₹15.00,48.28%,SILVER,3,1935,348,2283,Jan 2026,23-Jan-2026,23-Jan-2026,Jan 26,23-Apr-2026,April 2026,,,,194,,645,,
398,(M) SAI HOMES,FIRST PAY,FULL PAYMENT,8248389091,CHROMPET,RAVI KUMAR,16,SANJAY,₹29.00,0.00%,SILVER,1,464,84,548,Jan 2026,23-Jan-2026,1-Feb-2026,Feb 26,1 March 2026,March 2026,,,,46,,464,,
399,(M) SIDDHANS MENS PG,BED TOP UP,FULL PAYMENT,8825971908,PORUR,SENTHILKUMAR SG,71,PARTHA,₹25.00,48.98%,GOLD,3,5325,959,6283,Jan 2026,24-Jan-2026,1-Apr-2025,,1 April 2026,April 2026,,,,266,,1775,,
400,(M)  SRI SASTHA GENTS PG ,FIRST PAY,FULL PAYMENT,7358358373,THORAIPAKKAM ,RAJAN,37,SANJAY,₹25.42,48.11%,GOLD,6,5644,1016,6661,Jan 2026,28-Jan-2026,1-Feb-2026,Feb 26,1-Aug-2026,August 2026,,,,564,,941,,
401,(M) VELS MENS HOSTEL,BED TOP UP,FULL PAYMENT,9962966533,PORUR,THANIGAIVEL NAGARAJAN,87,PARTHA,₹15.00,48.28%,SILVER,2,2610,470,3079,Jan 2026,31-Jan-2026,1-Sep-2025,,1 March 2026,March 2026,,,,131,,1305,,
402,(M) LIVING WORLD. PG,RENEWAL PAY,FULL PAYMENT,9655611355,ANNA NAGAR,RR KUMAR,58,SANJAY,₹29.00,0.00%,SILVER,1,1682,303,1984,Feb 2026,1-Feb-2026,1-Feb-2026,,1-Mar-2026,March 2026,"₹352,991",,,84,,1682,,
403,(M) T STAYS,PART 02,FULL PAYMENT,9500084503,MOGAPPAIR,SATHIYARAJ,216,SANJAY,₹21.00,57.14%,GOLD,6,27216,4899,21412,Feb 2026,3-Feb-2026,1-Sep-2025,,1-Mar-2026,March 2026,,,,1361,,4536,,
404,(M) FLORA MEN'S HOSTEL,RENEWAL PAY,FULL PAYMENT,9884985953,TAMBARAM,JAWAHARDEEN M A,177,SANJAY,₹10.00,47.37%,BRONZE,3,5310,956,6266,Feb 2026,4-Feb-2026,1-Feb-2026,,1-May-2026,May 2026,,,,266,,1770,,
405,(M) JEEVA RESIDENCY,RENEWAL PAY,FULL PAYMENT,9363223463,COIMBATORE,Dr Thavamani,71,PARTHA,₹29.00,0.00%,SILVER,1,2059,371,2430,Feb 2026,4-Feb-2026,1-Feb-2026,,1-Mar-2026,March 2026,,,,103,,2059,,
406,(M) VINAYAK MEN'S & WOMEN'S HOSTEL,RENEWAL PAY,FULL PAYMENT,9566098058,SHOLINGANALLUR ,JAYANTHI GANESAN,129,SANJAY,₹30.00,38.78%,GOLD,1,3870,697,4567,Feb 2026,5-Feb-2026,1-Feb-2026,,1-Mar-2026,March 2026,,,,,,3870,,
407,(M) SAI ANBALAYAAS MEN'S HOSTEL,RENEWAL PAY,FULL PAYMENT,6383777615,VANDALUR,ANBALAGAN,139,PARTHA,₹10.00,47.37%,BRONZE,3,4170,751,4921,Feb 2026,5-Feb-2026,1-Feb-2026,,1-May-2026,May 2026,,,,209,,1390,,
408,(M) SRI MAHA LADIES HOSTEL ,FIRST PAY,FULL PAYMENT,9840814558,RAMAPURAM ,MUTHU,110,PARTHA,₹15.00,48.28%,SILVER,3,4950,891,5841,Feb 2026,5-Feb-2026,3-Feb-2026,Feb 26,3-May-2026,May 2026,,,,495,,1650,,
409,(M) FELL@HOME,FIRST PAY,FULL PAYMENT,9094225025,MUGALIVAKKAM ,Saravanan S,18,PARTHA,₹15.00,48.28%,SILVER,3,810,146,956,Feb 2026,5-Feb-2026,5-Feb-2026,Feb 26,5-May-2026,May 2026,,,,81,,270,,
410,(M) VBS TOWERS ,RENEWAL PAY,FULL PAYMENT,9489009494,COIMBATORE,DINESH,40,PARTHA,₹49.00,0.00%,GOLD,3,5880,1058,6938,Feb 2026,5-Feb-2026,1-Feb-2026,,1-May-2026,May 2026,,,,294,,1960,,
411,(M) Sri Vaishnava Group,RENEWAL PAY,FULL PAYMENT,9840020408,T NAGAR,Kota Thrivikram,24,PARTHA,₹40.00,18.37%,GOLD,1,960,173,1132,Feb 2026,5-Feb-2026,1-Feb-2026,,1-Mar-2026,March 2026,,,,48,,960,,
412,(M)  NATIONAL MEN'S HOSTEL,RENEWAL PAY,FULL PAYMENT,9789008563,EKAATTUTHANGAL,RAJESH,350,PARTHA,₹13.85,52.24%,SILVER,3,14543,2618,17161,Feb 2026,6-Feb-2026,1-Feb-2026,,1-May-2026,May 2026,,,,727,,4848,,
413,(M) ZAZEN LIVING ,FIRST PAY,FULL PAYMENT,7200841386,THORAIPAKKAM,Prakash Velusamy,60,PARTHA,₹43.00,12.24%,GOLD,3,7740,1393,9133,Feb 2026,6-Feb-2026,1-Mar-2026,Mar 26,1-Jun-2026,June 2026,,,,774,,2580,,
414,(M) RENTOUSE MEN'S HOSTEL,RENEWAL PAY,FULL PAYMENT,9496974059,KERALA,SANDEEP,83,PARTHA,₹29.00,0.00%,SILVER,1,2407,433,2840,Feb 2026,6-Feb-2026,1-Feb-2026,,1 March 2026,March 2026,,,,120,,2407,,
415,(M) KEYNESTLIVING,RENEWAL PAY,FULL PAYMENT,9566713607,THORAIPAKKAM,BHUVANESH ,58,PARTHA,₹29.00,0.00%,SILVER,1,1682,303,1985,Feb 2026,6-Feb-2026,1-Feb-2026,,1-Mar-2026,March 2026,,,,84,,1682,,
416,(M) SAI SRINIVASA GENT'S PG ,RENEWAL PAY,FULL PAYMENT,8074227209,KARAPAKKAM,S Raghuramireddy,80,PARTHA,₹15.90,45.17%,SILVER,1,1272,229,1500,Feb 2026,6-Feb-2026,1-Feb-2026,,1-Mar-2026,March 2026,,,,64,,1272,,
417,(M) MENS PG,RENEWAL PAY,FULL PAYMENT,6369193442,AMBUTTUR,KARTHICK,15,PARTHA,₹48.00,2.04%,GOLD,1,720,130,850,Feb 2026,6-Feb-2026,1-Feb-2026,,1-Mar-2026,March 2026,,,,36,,720,,
418,(M) EMY PG HOSTEL,FIRST PAY,FULL PAYMENT,9840228776,THIRUVANMAYUR,Ashok Kumar,39,SANJAY,₹15.00,48.28%,SILVER,3,1755,316,2071,Feb 2026,6-Feb-2026,6-Feb-2026,Feb 26,5-May-2026,May 2026,,,,176,,585,,
419,(M) SS (SIVA SAI) Gents PG,FIRST PAY,FULL PAYMENT,6369599544,NAVALUR,K Srinivasa Rao,260,SANJAY,₹11.00,42.11%,BRONZE,12,34320,6178,40497,Feb 2026,7-Feb-2026,7-Feb-2026,Feb 26,7-Feb-2027,February 2027,,,,3432,,2860,,
420,(M ) CLOUD HOUSE ,RENEWAL PAY,FULL PAYMENT,7022720454,COIMBATORE,SHAKTHI,20,PARTHA,₹49.00,0.00%,GOLD,1,980,176,1156,Feb 2026,7-Feb-2026,1-Feb-2026,,1-Mar-2026,March 2026,,,,49,,980,,
421,(M)  OM SHAKTHI LADIES PG,RENEWAL PAY,FULL PAYMENT,9444400433,THORAIPAKKAM,YOKESH,81,SANJAY,₹29.00,0.00%,SILVER,1,2349,423,2771,Feb 2026,7-Feb-2026,1-Feb-2026,,1 March 2026,March 2026,,,,117,,2349,,
422,(M) SKY GRAND MEN'S PG & HOSTEL ,RENEWAL PAY,FULL PAYMENT,8681815001,COIMBATORE ,ABHIJITH,143,PARTHA,₹19.00,34.48%,SILVER,3,8151,1467,9618,Feb 2026,7-Feb-2026,1-Feb-2026,,1-May-2026,May 2026,,,,408,,2717,,
423,"(M) ""WE ARE"" LADIES HOMESTEL",RENEWAL PAY,FULL PAYMENT,8754694089,AMINJAKARAI,SUBBU,11,PARTHA,₹24.50,50.00%,GOLD,12,3234,582,3816,Feb 2025,7-Feb-2026,1-Feb-2026,,1-Feb-2027,February 2027,,,,162,,270,,
424,(M) GANAPATHI PG,RENEWAL PAY,FULL PAYMENT,7845911909,THORAIPAKKAM,SURIYA,321,SANJAY,₹30.00,38.78%,GOLD,1,9630,1733,11362,Feb 2025,7-Feb-2026,1-Feb-2026,,1-Mar-2026,March 2026,,,,482,,9630,,
425,(M) FAMCO.LIVING ,PART 02,FULL PAYMENT,7736365500,KERALA,ROHIN RK,160,PARTHA,₹38.00,22.45%,GOLD,6,36480,6566,23046,Feb 2026,7-Feb-2026,6-Feb-2026,,6-Aug-2026,August 2026,,,,3648,,6080,,
426,(M) J.P HOSTEL MEN'S PG,RENEWAL PAY,FULL PAYMENT,9940681077,EKKATTUTHANGAL ,KARTHIKEYEN ,52,SANJAY,₹29.00,0.00%,SILVER,1,1508,271,1778,Feb 2026,8-Feb-2026,1-Feb-2026,,1-Mar-2026,March 2026,,,,75,,1508,,
427,(M) RK APARTMENT,RENEWAL PAY,FULL PAYMENT,9940860106,SRIPERUMBUDUR,PERUM KUMAR,22,SANJAY,₹49.00,0.00%,GOLD,1,1078,194,1272,Feb 2026,8-Feb-2026,1-Feb-2026,,1-Mar-2026,March 2026,,,,54,,1078,,
428,(M) SLEEPY STAY,RENEWAL PAY,FULL PAYMENT,7200600615, COIMBATORE,Venkat R,113,PARTHA,₹6.00,68.42%,BRONZE,1,678,122,800,Feb 2026,9-Feb-2026,1-Feb-2026,,1-Mar-2026,March 2026,,,,34,,678,,
429,(M) KSJ LADIES HOSTEL ,RENEWAL PAY,FULL PAYMENT,9790736737,PERUNGUDI ,JAI CHAKARAVARTHI,70,SANJAY,₹16.00,44.83%,SILVER,12,13440,2419,15856,Feb 2026,10-Feb-2026,1-Feb-2026,,1-Feb-2027,February 2027,,,,672,,1120,,
430,(M) ELEGANCE PG ,FIRST PAY,FULL PAYMENT,9884176263,VADAPALANI,Shruti Sanjeev Mandrekar,97,SANJAY,₹25.42,48.11%,GOLD,1,2466,444,2907,Feb 2026,10-Feb-2026,10-Feb-2026,Feb 26,10-Mar-2026,March 2026,,,,247,,2466,,
431,(M) SRINIVASAN OWNER RENTAL HOUSE,RENEWAL PAY,FULL PAYMENT,9176477037,MEDAVAKKAM,GOKUL,19,PARTHA,₹29.00,0.00%,SILVER,1,551,99,650,Feb 2026,10-Feb-2026,10-Feb-2026,,10-Mar-2026,March 2026,,,,55,,551,,
432,(M) NARUVI PG,PART 03,FULL PAYMENT,9894993015,ANNA NAGAR,NAVANEETHAN,156,SANJAY,₹22.05,55.00%,GOLD,12,41278,7430,12147,Feb 2026,10-Feb-2026,1-Aug-2025,,1 May 2026,May 2026,,,,,,3440,,
433,(M) DURGA NIVAS WOMEN'S HOSTEL,PART 03,FULL PAYMENT,9841384335,ANNA NAGAR,N SREEKALA,1000,PARTHA,₹11.87,59.07%,SILVER,12,142440,25639,42019,Feb 2026,12-Feb-2026,1-Dec-2025,,1 March 2026,March 2026,,,,,,11870,,
434,(M) SRI V LADIES HOSTEL ,FIRST PAY,FULL PAYMENT,7667660808,PORUR,ARUL SHOBI,292,PARTHA,₹25.00,48.98%,GOLD,1,7300,1314,8614,Feb 2026,12-Feb-2026,12-Feb-2026,Feb 26,12-Mar-2026,March 2026,,,,730,,7300,,
435,(M) IN MEN'S AND PG HOSTEL ,RENEWAL PAY,FULL PAYMENT,9626833233,COIMBATORE ,ABIHI,49,PARTHA,₹21.75,25.00%,SILVER,3,3197,576,3772,Feb 2026,14-Feb-2026,1-Feb-2026,,1-May-2026,May 2026,,,,160,,1066,,
436,(M) KUMAR PG ,FIRST PAY,FULL PAYMENT,9789946662,PORUR,Kumar,102,SANJAY,₹13.00,55.17%,SILVER,3,3978,716,4894,Feb 2026,16-Feb-2026,15-Feb-2026,Feb 26,15-May-2026,May 2026,,,,398,,1326,,
437,(M) SUNDARAM NATARAJAN ,FIRST PAY,FULL PAYMENT,9443319257,COIMBATORE ,Sundram,17,PARTHA,₹41.55,15.20%,GOLD,12,8476,1526,10001,Feb 2026,19-Feb-2026,1-Mar-2026,Mar 26,1-Mar-2027,March 2027,,,,848,,706,,
438,(M) PREMIER CLEAR PRODUCTS ,RENEWAL PAY,FULL PAYMENT,9447100901,KERALA,JOY VARGHESHE,10,PARTHA,₹95.00,52.50%,GOLD - COMMERCIAL,3,2850,513,3363,Feb 2026,20-Feb-2026,1-Feb-2026,,1-May-2026,May 2026,,,,143,,950,,
439,(M) PROPSY HOMES - RESIDENTIAL ,RENEWAL PAY,FULL PAYMENT,8880660000,SIRUCHERI,BHARATH,147,PARTHA,₹70.00,65.00%,GOLD - COMMERCIAL,3,10290,1852,12142,Feb 2026,22-Feb-2026,11-Nov-2025,,10 February 2026,February 2026,,,,515,,3430,,
440,(M) ORANGE CALMS STAYS,FIRST PAY,FULL PAYMENT,9080242430,THORAIPAKKAM,SENTHIL ARUMUGAM,111,SANJAY,₹25.00,48.98%,GOLD,3,8325,1499,9824,Feb 2026,24-Feb-2026,15-Feb-2026,Feb 26,15-May-2026,May 2026,,,,833,,2775,,
441,(M) SAS WOMEN'S HOSTEL ,FIRST PAY,FULL PAYMENT,9790786053,SHOLINGANALLUR ,ANUSUYA S,120,SANJAY,₹16.10,44.48%,SILVER,3,5797,1043,6840,Feb 2026,26-Feb-2026,1-Mar-2026,Mar 26,1-Jun-2026,June 2026,,,,580,,1932,,
442,(M) AURIX LIV’IN,PART 03,FULL PAYMENT,9447086363,BANGLORE ,Mohamend Riyaz TK,100,PARTHA,₹45.00,8.16%,GOLD,12,54000,9720,31860,Mar 2026,2-Mar-2026,1-Oct-2025,,1-Oct-2026,October 2026,"₹265,421",,,5400,,4500,,
443,(M) THE GRD GROUP OF HOSTELS,FIRST PAY,FULL PAYMENT,9677773637,ANNA NAGAR,SIDDARTH,166,SANJAY,₹30.00,38.78%,GOLD,3,14940,2689,17629,Mar 2026,2-Mar-2026,2-Mar-2026,Mar 26,2-Jun-2026,June 2026,,,,1494,,4980,,
444,(M) LIVING WORLD. PG,RENEWAL PAY,FULL PAYMENT,9655611355,ANNA NAGAR,RR KUMAR,58,SANJAY,₹29.00,0.00%,SILVER,1,1682,303,1984,Mar 2026,2-Mar-2026,1-Mar-2026,,1-Apr-2026,April 2026,,,,84,,1682,,
445,(M) VINAYAK MEN'S & WOMEN'S HOSTEL,RENEWAL PAY,FULL PAYMENT,9566098058,SHOLINGANALLUR ,JAYANTHI GANESAN,129,SANJAY,₹30.00,38.78%,GOLD,1,3870,697,4567,Mar 2026,2-Mar-2026,1-Mar-2026,,1-Apr-2026,April 2026,,,,194,,3870,,
446,(M) SARA HOSTEL,RENEWAL PAY,FULL PAYMENT,9159174174,EKAATTUTHANGAL,RAM,156,PARTHA,₹19.00,34.48%,SILVER,1,2964,534,3498,Mar 2026,3-Mar-2026,16-Feb-2026,,16-Mar-2026,March 2026,,,,148,,2964,,
447,(M) Sri Vaishnava Group,RENEWAL PAY,FULL PAYMENT,9840020408,T NAGAR,Kota Thrivikram,52,PARTHA,₹40.00,18.37%,GOLD,1,2080,374,2454,Mar 2026,3-Mar-2026,1-Mar-2026,,1-Apr-2026,April 2026,,,,104,,2080,,
448,(M ) CLOUD HOUSE ,RENEWAL PAY,FULL PAYMENT,7022720454,COIMBATORE,SHAKTHI,38,PARTHA,₹49.00,0.00%,GOLD,1,1862,335,2197,Mar 2026,4-Mar-2026,1-Mar-2026,,1-Apr-2026,April 2026,,,,93,,1862,,
449,(M) SAI SRINIVASA GENT'S PG ,RENEWAL PAY,FULL PAYMENT,8074227209,KARAPAKKAM,S Raghuramireddy,80,PARTHA,₹15.90,45.17%,SILVER,1,1272,229,1501,Mar 2026,5-Mar-2026,1-Mar-2026,,1-Apr-2026,April 2026,,,,64,,1272,,
450,(M) DVR MENS HOSTEL,RENEWAL PAY,FULL PAYMENT,7871064647, ANNA NAGAR,SIRANJEEVI,110,PARTHA,₹16.75,42.24%,SILVER,3,5528,995,6523,Mar 2026,6-Mar-2026,1-Mar-2026,,1-Jun-2026,June 2026,,,,276,,1843,,
451,(M) KEYNESTLIVING,RENEWAL PAY,FULL PAYMENT,9566713607,THORAIPAKKAM,BHUVANESH ,58,PARTHA,₹29.00,0.00%,SILVER,1,1682,303,1985,Mar 2026,6-Mar-2026,1-Mar-2026,,1-Apr-2026,April 2026,,,,84,,1682,,
452,(M) JR MENS Hostel,RENEWAL PAY,FULL PAYMENT,8925415772,ANNA NAGAR,RADHAKRISHANAN,65,PARTHA,₹15.00,48.28%,SILVER,3,2925,527,3452,Mar 2026,6-Mar-2026,1-Mar-2026,,1-Jun-2026,June 2026,,,,146,,975,,
453,(M) JEEVA RESIDENCY,RENEWAL PAY,FULL PAYMENT,9363223463,COIMBATORE,Dr Thavamani,83,PARTHA,₹29.00,0.00%,SILVER,1,2407,433,2840,Mar 2026,6-Mar-2026,1-Mar-2026,,1-Apr-2026,April 2026,,,,120,,2407,,
454,(M) SUJITH GROUP'S OF HOSTEL'S ,FIRST PAY,FULL PAYMENT,7200232544,PORUR,JAMUNA,175,PARTHA,₹15.00,48.28%,SILVER,3,7875,1418,9293,Mar 2026,7-Mar-2026,1-Mar-2026,Mar 26,1-Jun-2026,June 2026,,,,788,,2625,,
455,(M) ISHA LIVING PG,RENEWAL PAY,FULL PAYMENT,8838388245,PORUR,MADHU SUDHANAN,50,PARTHA,₹20.00,31.03%,SILVER,3,3000,540,3540,Mar 2026,9-Mar-2026,1-Mar-2026,,1-Jun-2026,June 2026,,,,150,,1000,,
456,(M) GANAPATHI PG,RENEWAL PAY,FULL PAYMENT,7845911909,THORAIPAKKAM,SURIYA,321,SANJAY,₹30.00,38.78%,GOLD,1,9630,1733,11362,Mar 2026,9-Mar-2026,1-Mar-2026,,1-Apr-2026,April 2026,,,,482,,9630,,
457,(M) VELS MENS HOSTEL,RENEWAL PAY,FULL PAYMENT,9962966533,PORUR,THANIGAIVEL NAGARAJAN,369,PARTHA,₹15.00,48.28%,SILVER,6,33210,5978,39185,Mar 2026,9-Mar-2026,1-Mar-2026,,1-Sep-2026,September 2026,,,,1661,,5535,,
458,(M) MENS PG,RENEWAL PAY,FULL PAYMENT,6369193442,AMBUTTUR,KARTHICK,15,PARTHA,₹48.00,2.04%,GOLD,1,720,130,867,Mar 2026,9-Mar-2026,1-Mar-2026,,1-Apr-2026,April 2026,,,,36,,720,,
459,(M) T STAYS,RENEWAL PAY,FULL PAYMENT,9500084503,MOGAPPAIR,SATHIYARAJ,169,SANJAY,₹21.00,57.14%,GOLD,1,3549,639,4188,Mar 2026,10-Mar-2026,1-Mar-2026,,1-Apr-2026,April 2026,,,,177,,3549,,
460,(M) SLEEPY STAY,RENEWAL PAY,FULL PAYMENT,7200600615, COIMBATORE,Venkat R,113,PARTHA,₹6.00,68.42%,BRONZE,1,678,122,800,Mar 2026,10-Mar-2026,1-Mar-2026,,1-Apr-2026,April 2026,,,,34,,678,,
461,(M) HAPPY LIVING WOMEN'S HOSTEL,RENEWAL PAY,FULL PAYMENT,9003578181,COIMBATORE,SOMASUNDHARAM,112,PARTHA,₹14.00,51.72%,SILVER,6,9408,1693,11103,Mar 2026,10-Mar-2026,1-Mar-2026,,1-Sep-2026,September 2026,,,,470,,1568,,
462,(M) GTR PG,RENEWAL PAY,FULL PAYMENT,9345319319,NAVALUR,Thrivenureddy,144,SANJAY,₹6.00,68.42%,BRONZE,6,5184,933,6117,Mar 2026,10-Mar-2026,1-Mar-2026,,1-Sep-2026,September 2026,,,,259,,864,,
463,(M) J.P HOSTEL MEN'S PG,RENEWAL PAY,FULL PAYMENT,9940681077,EKKATTUTHANGAL ,KARTHIKEYEN ,40,SANJAY,₹29.00,0.00%,SILVER,1,1160,209,1369,Mar 2026,11-Mar-2026,1-Mar-2026,,1-Apr-2026,April 2026,,,,58,,1160,,
464,(M) PROPSY HOMES - RESIDENTIAL ,RENEWAL PAY,FULL PAYMENT,8880660000,SIRUCHERI,BHARATH,178,PARTHA,₹70.00,65.00%,GOLD - COMMERCIAL,1,12460,2243,14703,Mar 2026,12-Mar-2026,11-Feb-2026,,11-Mar-2026,March 2026,,,,623,,12460,,
465,(M) PROPSY HOMES - RESIDENTIAL ,RENEWAL PAY,FULL PAYMENT,8880660000,SIRUCHERI,BHARATH,178,PARTHA,₹70.00,65.00%,GOLD - COMMERCIAL,1,12460,2243,14703,Mar 2026,12-Mar-2026,11-Mar-2026,,11-Apr-2026,April 2026,,,,623,,12460,,
466,(M) SRI KRISHNA GRAND STAY ,RENEWAL PAY,FULL PAYMENT,9121651913, SHOLINGNALUR ,Lokesh,97,SANJAY,₹27.00,44.90%,GOLD,1,2619,471,3090,Mar 2026,12-Mar-2026,1-Mar-2026,,1-Apr-2026,April 2026,,,,131,,2619,,
467,(M) ELEGANCE PG ,RENEWAL PAY,FULL PAYMENT,9884176263,VADAPALANI,Shruti Sanjeev Mandrekar,110,SANJAY,₹25.42,48.11%,GOLD,1,2797,503,3300,Mar 2026,16-Mar-2026,16-Mar-2026,,16-Apr-2026,April 2026,,,,140,,2797,,
468,(M) KALAIMATHI HOSTEL ,FIRST PAY,FULL PAYMENT,8015500116,THORAIPAKKAM,THANGA RAJ,42,SANJAY,₹19.00,34.48%,SILVER,6,4788,862,5650,Mar 2026,16-Mar-2026,16-Mar-2026,Mar 26,16-Sep-2026,September 2026,,,,479,,798,,
469,(M) DURGA NIVAS WOMEN'S HOSTEL,PART 03,FULL PAYMENT,9841384335,ANNA NAGAR,N SREEKALA,1000,PARTHA,₹11.87,59.07%,SILVER,12,142440,25639,42019,Mar 2026,16-Mar-2026,1-Dec-2025,,1-Dec-2026,December 2026,,,,7122,,11870,,
470,(M) PARK VIEW,FIRST PAY,FULL PAYMENT,9400365160,KERALA,SUDEESH,7,PARTHA,₹100.00,50.00%,GOLD - COMMERCIAL,1,700,126,826,Mar 2026,18-Mar-2026,18-Mar-2026,Mar 26,18-Apr-2026,April 2026,,,,70,,700,,
471,(M) MILLENEAL SQUARE,FIRST PAY,FULL PAYMENT,7558058416,KERALA,FAZIL ALI AB,10,PARTHA,₹78.00,61.00%,GOLD - COMMERCIAL,1,780,140,920,Mar 2026,20-Mar-2026,17-Mar-2026,Mar 26,17-Apr-2026,April 2026,,,,78,,780,,
472,(M) F5 STAYS,RENEWAL PAY,FULL PAYMENT,9597897192,NAVALUR,JANANI,168,SANJAY,₹20.00,31.03%,SILVER,3,10080,1814,11896,Mar 2026,22-Mar-2026,15-Mar-2026,,15-Jun-2026,June 2026,,,,504,,3360,,
473,(M) SAI HOMES,RENEWAL PAY,FULL PAYMENT,8248389091,CHROMPET,RAVI KUMAR,16,SANJAY,₹29.00,0.00%,SILVER,1,464,84,548,Mar 2026,26-Mar-2026,1-Mar-2026,,1-Apr-2026,April 2026,,,,23,,464,,
474,(M) TOUCH WOMENS HOSTEL,FIRST PAY,FULL PAYMENT,9941275758,PERUMBAKKAM,CHITRA,137,SANJAY,₹13.00,55.17%,SILVER,3,5343,962,6305,Mar 2026,30-Mar-2026,1-Apr-2026,Apr 26,1-Jul-2026,July 2026,,,,534,,1781,,
475,(M) LIVING WORLD. PG,RENEWAL PAY,FULL PAYMENT,9655611355,ANNA NAGAR,RR KUMAR,58,SANJAY,₹29.00,0.00%,SILVER,1,1682,303,1984,Apr 2026,1-Apr-2026,1-Apr-2026,,1-May-2026,May 2026,"₹302,664","₹612,503",,84,,1682,,
476,(M) RAAGA NIVAS,RENEWAL PAY,FULL PAYMENT,9000305550,CHENNAI,NITI,7,PARTHA,₹49.00,0.00%,GOLD,3,1029,185,1214,Apr 2026,2-Apr-2026,1-Apr-2026,,1-Jul-2026,July 2026,,,,51,,343,,
477,(M) SUN STAR HOSTEL,FIRST PAY,FULL PAYMENT,9841040544,CHENNAI,THENMOZHI,155,SANJAY,₹25.42,48.12%,GOLD,1,3940,709,4650,Apr 2026,2-Apr-2026,1-Apr-2026,Apr 26,1-May-2026,May 2026,,,,394,,3940,,
478,(M) SPLENDID'D LADIES HOSTEL,FIRST PAY,FULL PAYMENT,9952174356,CHENNAI,VIJAY PRABHU,29,PARTHA,₹29.00,0.00%,SILVER,1,841,151,993,Apr 2026,3-Apr-2026,3-Apr-2026,Apr 26,3-May-2026,May 2026,,,,84,,841,,
479,(M) Sri Vaishnava Group,RENEWAL PAY,FULL PAYMENT,9840020408,T NAGAR,Kota Thrivikram,52,PARTHA,₹40.00,18.37%,GOLD,1,2080,374,2454,Apr 2026,4-Apr-2026,1-Apr-2026,,1-May-2026,May 2026,,,,104,,2080,,
480,(M) SARA HOSTEL,RENEWAL PAY,FULL PAYMENT,9159174174,EKAATTUTHANGAL,RAM,157,PARTHA,₹19.00,34.48%,SILVER,1,2983,537,3520,Apr 2026,4-Apr-2026,16-Mar-2026,,16-Apr-2026,April 2026,,,,149,,2983,,
481,(M) VINAYAK MEN'S & WOMEN'S HOSTEL,RENEWAL PAY,FULL PAYMENT,9566098058,SHOLINGANALLUR ,JAYANTHI GANESAN,163,SANJAY,₹30.00,38.78%,GOLD,1,4890,880,5770,Apr 2026,5-Apr-2026,1-Apr-2026,,1-May-2026,May 2026,,,,245,,4890,,
482,(M) SAI SRINIVASA GENT'S PG ,RENEWAL PAY,FULL PAYMENT,8074227209,KARAPAKKAM,S Raghuramireddy,80,PARTHA,₹15.90,45.17%,SILVER,1,1272,229,1501,Apr 2026,5-Apr-2026,1-Apr-2026,,1-May-2026,May 2026,,,,64,,1272,,
483,(M) ASIAN GROUPS ,RENEWAL PAY,FULL PAYMENT,9789125305,CHENNAI,ZOHARUL AMEENUDEEN,11,PARTHA,₹95.00,52.50%,GOLD - COMMERCIAL,3,3135,564,3699,Apr 2026,6-Apr-2026,1-Apr-2026,,1-Jul-2026,July 2026,,,,157,,1045,,
484,(M) RAJA STAYS,RENEWAL PAY,FULL PAYMENT,9841217595,CHROMPET,SETHU RAJA,87,SANJAY,₹19.00,34.48%,SILVER,6,9918,1785,11703,Apr 2026,6-Apr-2026,1-Apr-2026,,1-Oct-2026,October 2026,,,,496,,1653,,
485,(M) JEEVA RESIDENCY,RENEWAL PAY,FULL PAYMENT,9363223463,COIMBATORE,Dr Thavamani,83,PARTHA,₹29.00,0.00%,SILVER,1,2407,433,2840,Apr 2026,6-Apr-2026,1-Apr-2026,,1-May-2026,May 2026,,,,120,,2407,,
486,(M) KRISHNALAYAM PG,RENEWAL PAY,FULL PAYMENT,,VELACHERY,RAMA KRISHNAN,228,PARTHA,₹30.00,38.78%,GOLD,3,20446,3680,24126,Apr 2026,6-Apr-2026,1-Apr-2026,,1-Jul-2026,July 2026,,,,1022,,6815,,
487,(M) SIDDHANS MENS PG,RENEWAL PAY,FULL PAYMENT,8825971908,PORUR,SENTHILKUMAR SG,152,PARTHA,₹25.00,48.98%,GOLD,12,45600,8208,53808,Apr 2026,6-Apr-2026,1-Apr-2026,,1-Apr-2027,April 2027,,,,2280,,3800,,
488,(M) SLEEPY STAY,RENEWAL PAY,FULL PAYMENT,7200600615, COIMBATORE,Venkat R,113,PARTHA,₹6.00,68.42%,BRONZE,1,678,122,800,Apr 2026,6-Apr-2026,1-Apr-2026,,1-May-2026,May 2026,,,,34,,678,,
489,(M) KEYNESTLIVING,RENEWAL PAY,FULL PAYMENT,9566713607,THORAIPAKKAM,BHUVANESH ,125,PARTHA,₹29.00,0.00%,SILVER,1,3625,653,4277,Apr 2026,7-Apr-2026,1-Apr-2026,,1-May-2026,May 2026,,,,181,,3625,,
490,(M ) CLOUD HOUSE ,RENEWAL PAY,FULL PAYMENT,7022720454,COIMBATORE,SHAKTHI,38,PARTHA,₹49.00,0.00%,GOLD,1,1862,335,2197,Apr 2026,7-Apr-2026,1-Apr-2026,,1-May-2026,May 2026,,,,93,,1862,,
491,(M) LINGA RESIDENCY,RENEWAL PAY,FULL PAYMENT,7010470642,MADIPAKKAM,SUDHARSON,29,SANJAY,₹20.30,30.00%,SILVER,6,3532,636,4168,Apr 2026,7-Apr-2026,1-Apr-2026,,1-Oct-2026,October 2026,,,,177,,589,,
492,(M) SR2 MEN'S HOSTEL,RENEWAL PAY,FULL PAYMENT,8489034789,PERUNGKUDI,Rashya,114,SANJAY,₹16.10,44.48%,SILVER,6,11014,1982,12995,Apr 2026,7-Apr-2026,1-Apr-2026,,1-Oct-2026,October 2026,,,,551,,1836,,
493,(M) SAIRAM STAYS ,FIRST PAY,PARTIAL PAYMENT,9176501010,VELACHERY,GAUTAM K,167,PARTHA,₹14.50,50.00%,SILVER,12,29058,5230,17144,Apr 2026,7-Apr-2026,7-Apr-2026,Apr 26,1-May-2026,May 2026,,,,2906,,2422,,
494,(M) GANAPATHI PG,RENEWAL PAY,FULL PAYMENT,7845911909,THORAIPAKKAM,SURIYA,286,SANJAY,₹30.00,38.78%,GOLD,1,8580,1544,10122,Apr 2026,8-Apr-2026,1-Apr-2026,,1-May-2026,May 2026,,,,429,,8580,,
495,(M) NKS MEN'S HOSTEL ,RENEWAL PAY,FULL PAYMENT,9962127666,SIRUSERI SIPCOT,ARAVINDAN,183,SANJAY,₹11.58,39.06%,BRONZE,12,25425,4577,30004,Apr 2026,8-Apr-2026,1-Apr-2026,,1-Apr-2027,April 2027,,,,1271,,2119,,
496,(M) T STAYS,RENEWAL PAY,FULL PAYMENT,9500084503,MOGAPPAIR,SATHIYARAJ,170,SANJAY,₹21.00,57.14%,GOLD,1,3570,643,4213,Apr 2026,8-Apr-2026,1-Apr-2026,,1-May-2026,May 2026,,,,179,,3570,,
497,(M) KALYANI PG ,RENEWAL PAY,FULL PAYMENT,9715000044,SIRUCHERI,K RAMA SUBBA REDDY,274,SANJAY,₹14.50,50.00%,SILVER,3,11919,2145,14074,Apr 2026,11-Apr-2026,1-Apr-2026,,1-Jul-2026,July 2026,,,,596,,3973,,
498,(M) J.P HOSTEL MEN'S PG,RENEWAL PAY,FULL PAYMENT,9940681077,EKKATTUTHANGAL ,KARTHIKEYEN ,40,SANJAY,₹29.00,0.00%,SILVER,1,1160,209,1369,Apr 2026,13-Apr-2026,1-Apr-2026,,1-May-2026,May 2026,,,,58,,1160,,
499,(M)  FEMINA MENS HOSTEL,RENEWAL PAY,FULL PAYMENT,9443816134,KODAMBAKKAM,RAJAN,433,PARTHA,₹14.50,50.00%,SILVER,6,37671,6781,44452,Apr 2026,13-Apr-2026,1-Apr-2026,,1-Oct-2026,October 2026,,,,1884,,6279,,
500,(M) SANGEETHA MEN'S AND WOMEN'S HOSTEL,FIRST PAY,FULL PAYMENT,7200005870,EKKATTUTHANGAL,SANGEETHA,112,SANJAY,₹13.00,55.17%,SILVER,3,4368,786,5155,Apr 2026,16-Apr-2026,16-Apr-2026,Apr 26,16-Jul-2026,July 2026,,,,437,,1456,,
501,(M)  KEERTHI PROMOTERS ,FIRST PAY,FULL PAYMENT,8939436000,PALLIKARANAI,KAMALHASAN,3,PARTHA,₹100.00,50.00%,GOLD - COMMERCIAL,1,300,54,355,Apr 2026,16-Apr-2026,16-Apr-2026,Apr 26,16-May-2026,May 2026,,,,30,,300,,
502,(M)  PURPLE STAY WOMENS HOSTEL,RENEWAL PAY,FULL PAYMENT,8148233546,THIRUVERKADU,Varalakshmi,29,PARTHA,₹25.42,48.12%,GOLD,3,2212,398,2610,Apr 2026,16-Apr-2026,14-Apr-2026,,14-Jul-2026,July 2026,,,,111,,737,,
503,(M) PARK VIEW,RENEWAL PAY,FULL PAYMENT,9400365160,KERALA,SUDEESH,7,PARTHA,₹100.00,50.00%,GOLD - COMMERCIAL,1,700,126,826,Apr 2026,16-Apr-2026,17-Apr-2026,,17-May-2026,May 2026,,,,35,,700,,
504,(M) BAS MANSION,FIRST PAY,FULL PAYMENT,8072154260,COIMBATORE ,Sasiharan,10,PARTHA,₹19.00,34.48%,SILVER,12,2280,410,2690,Apr 2026,18-Apr-2026,18-Apr-2026,Apr 26,18-Apr-2027,April 2027,,,,228,,190,,
505,(M) PROPSY HOMES - RESIDENTIAL ,RENEWAL PAY,FULL PAYMENT,8880660000,SIRUCHERI,BHARATH,149,PARTHA,₹70.00,65.00%,GOLD - COMMERCIAL,1,10430,1877,12307,Apr 2026,21-Apr-2026,14-Apr-2026,,14-May-2026,May 2026,,,,522,,10430,,
506,(M) YOSHITA GROUP OF HOSTELS ,RENEWAL PAY,FULL PAYMENT,9494344494,PADUR,A Bhargava Reddy,143,SANJAY,₹13.00,55.17%,SILVER,3,5577,1004,6581,Apr 2026,21-Apr-2026,15-Apr-2026,,15-Jul-2026,July 2026,,,,279,,1859,,
507,(M)  VIVIN TORO LIVINGS,FIRST PAY,FULL PAYMENT,8098401235,SRIRUCHERI,Vivin,12,SANJAY,₹29.00,0.00%,SILVER,1,348,63,411,Apr 2026,21-Apr-2026,19-Apr-2026,Apr 26,19-May-2026,May 2026,,,,35,,348,,
508,(M) SRINIVASA GROUP OF HOSTEL,RENEWAL PAY,FULL PAYMENT,7842579035,PADUR,Srikanth Reddy,45,SANJAY,₹13.00,55.17%,SILVER,3,1755,316,2071,Apr 2026,23-Apr-2026,15-Apr-2026,,15-Jul-2026,July 2026,,,,88,,585,,
509,(M) JS MEN'S PG HOSTEL,RENEWAL PAY,FULL PAYMENT,7708551530,AMBUTTUR,SOLOMON PRABHAKAR,43,PARTHA,₹15.00,48.28%,SILVER,3,1935,348,2283,Apr 2026,23-Apr-2026,23-Apr-2026,,23-Jul-2026,July 2026,,,,97,,645,,
510,(M) SARA HOSTEL,RENEWAL PAY,FULL PAYMENT,9159174174,EKAATTUTHANGAL,RAM,147,PARTHA,₹19.00,34.48%,SILVER,1,2793,503,3296,Apr 2026,26-Apr-2026,16-Apr-2026,,16-May-2026,May 2026,,,,140,,2793,,
511,(M) BRIGHT STAR HOSTEL,FIRST PAY,FULL PAYMENT,8124192392,KODAMBAKKAM,SRINIVASAN,35,SANJAY,₹29.67,0.00%,SILVER,1,1038,187,1225,Apr 2026,27-Apr-2026,1-May-2026,May 26,1-Jun-2026,June 2026,,,,104,,1038,,
512,(M)  OM SHAKTHI LADIES PG,RENEWAL PAY,FULL PAYMENT,9444400433,THORAIPAKKAM,YOKESH,81,SANJAY,₹29.00,0.00%,SILVER,1,2349,423,2772,Apr 2026,28-Apr-2026,1-Apr-2026,,1-May-2026,May 2026,,,,117,,2349,,
513,(M) VINAYAK MEN'S & WOMEN'S HOSTEL,RENEWAL PAY,FULL PAYMENT,9566098058,SHOLINGANALLUR ,JAYANTHI GANESAN,163,SANJAY,₹30.00,38.78%,GOLD,1,4890,880,5770,May 2026,1-May-2026,1-May-2026,,1-Jun-2026,June 2026,"₹147,519",,,245,,4890,,
514,(M) VBS TOWERS ,RENEWAL PAY,FULL PAYMENT,9489009494,COIMBATORE,DINESH,41,PARTHA,₹49.00,0.00%,GOLD,3,6027,1085,7112,May 2026,2-May-2026,1-May-2026,,1-Aug-2026,August 2026,,,,301,,2009,,
515,(M) LIVING WORLD. PG,RENEWAL PAY,FULL PAYMENT,9655611355,ANNA NAGAR,RR KUMAR,58,SANJAY,₹29.00,0.00%,SILVER,1,1682,303,1985,May 2026,3-May-2026,1-May-2026,,1-Jun-2026,June 2026,,,,84,,1682,,
516,(M) BALAJI GROUP OF HOSTEL,FIRST PAY,FULL PAYMENT,8838329866,RAMAPURAM ,PRABHAKARAN,77,SANJAY,₹49.53,0.00%,GOLD,1,3814,686,4500,May 2026,5-May-2026,5-May-2026,May 26,5-Jun-2026,June 2026,,,,381,,3814,,
517,(M) SAI SRINIVASA GENT'S PG ,RENEWAL PAY,FULL PAYMENT,8074227209,KARAPAKKAM,S Raghuramireddy,80,PARTHA,₹15.90,45.17%,SILVER,1,1272,229,1501,May 2026,6-May-2026,1-May-2026,,1-Jun-2026,June 2026,,,,64,,1272,,
518,(M)  NATIONAL MEN'S HOSTEL,RENEWAL PAY,FULL PAYMENT,9789008563,EKAATTUTHANGAL,RAJESH,350,PARTHA,₹13.85,52.24%,SILVER,3,14543,2618,17161,May 2026,7-May-2026,1-May-2026,,1-Aug-2026,August 2026,,,,727,,4848,,
519,(M ) CLOUD HOUSE ,RENEWAL PAY,FULL PAYMENT,7022720454,COIMBATORE,SHAKTHI,38,PARTHA,₹49.00,0.00%,GOLD,1,1862,335,2197,May 2026,7-May-2026,1-May-2026,,1-Jun-2026,June 2026,,,,93,,1862,,
520,(M) JEEVA RESIDENCY,RENEWAL PAY,FULL PAYMENT,9363223463,COIMBATORE,Dr Thavamani,83,PARTHA,₹29.00,0.00%,SILVER,1,2407,433,2840,May 2026,7-May-2026,1-May-2026,,1-Jun-2026,June 2026,,,,120,,2407,,
521,(M) KEYNESTLIVING,RENEWAL PAY,FULL PAYMENT,9566713607,THORAIPAKKAM,BHUVANESH ,125,PARTHA,₹29.00,0.00%,SILVER,1,3625,653,4277,May 2026,7-May-2026,1-May-2026,,1-Jun-2026,June 2026,,,,181,,3625,,
522,(M) SLEEPY STAY,RENEWAL PAY,FULL PAYMENT,7200600615, COIMBATORE,Venkat R,113,PARTHA,₹6.00,68.42%,BRONZE,1,678,122,800,May 2026,7-May-2026,1-May-2026,,1-Jun-2026,June 2026,,,,34,,678,,
523,(M)  OM SHAKTHI LADIES PG,RENEWAL PAY,FULL PAYMENT,9444400433,THORAIPAKKAM,YOKESH,81,SANJAY,₹29.00,0.00%,SILVER,1,2349,423,2772,May 2026,7-May-2026,1-May-2026,,1-Jun-2026,June 2026,,,,117,,2349,,
524,(M) Sri Vaishnava Group,RENEWAL PAY,FULL PAYMENT,9840020408,T NAGAR,Kota Thrivikram,52,PARTHA,₹40.00,18.37%,GOLD,1,2080,374,2454,May 2026,7-May-2026,1-May-2026,,1-Jun-2026,June 2026,,,,104,,2080,,
525,(M) RIYA HOSTEL,RENEWAL PAY,FULL PAYMENT,9047444323,PERUNGUDI,Ravi chandiran,253,SANJAY,₹15.00,48.28%,SILVER,3,11385,2049,13419,May 2026,8-May-2026,1-May-2026,,1-Aug-2026,August 2026,,,,569,,3795,,
526,(M) GANAPATHI PG,RENEWAL PAY,FULL PAYMENT,7845911909,THORAIPAKKAM,SURIYA,286,SANJAY,₹30.00,38.78%,GOLD,1,8580,1544,10123,May 2026,8-May-2026,1-May-2026,,1-Jun-2026,June 2026,,,,429,,8580,,
527,(M) T STAYS,RENEWAL PAY,FULL PAYMENT,9500084503,MOGAPPAIR,SATHIYARAJ,170,SANJAY,₹21.00,57.14%,GOLD,1,3570,643,4213,May 2026,8-May-2026,1-May-2026,,1-Jun-2026,June 2026,,,,179,,3570,,
528,(M) SPLENDID'D LADIES HOSTEL,RENEWAL PAY,FULL PAYMENT,9952174356,CHENNAI,VIJAY PRABHU,49,PARTHA,₹29.00,0.00%,SILVER,1,1421,256,1677,May 2026,8-May-2026,3-May-2026,,3-Jun-2026,June 2026,,,,71,,1421,,
529,(M) FELL@HOME,RENEWAL PAY,FULL PAYMENT,9094225025,MUGALIVAKKAM ,Saravanan S,22,PARTHA,₹15.00,48.28%,SILVER,3,990,178,1168,May 2026,10-May-2026,5-May-2026,,5-Aug-2026,August 2026,,,,50,,330,,
530,(M) FLORA MEN'S HOSTEL,RENEWAL PAY,FULL PAYMENT,9884985953,TAMBARAM,JAWAHARDEEN M A,149,SANJAY,₹10.00,47.37%,BRONZE,3,4470,805,5275,May 2026,10-May-2026,1-May-2026,,1-Aug-2026,August 2026,,,,224,,1490,,
531,(M) SKY GRAND MEN'S PG & HOSTEL ,RENEWAL PAY,FULL PAYMENT,8681815001,COIMBATORE ,ABHIJITH,143,PARTHA,₹19.00,34.48%,SILVER,3,8151,1467,9618,May 2026,11-May-2026,1-May-2026,,1-Aug-2026,August 2026,,,,408,,2717,,
532,(M) HOME STAY,FIRST PAY,FULL PAYMENT,9640309868,EKKATUTHANGAL ,AVINASH,28,SANJAY,₹23.00,20.69%,SILVER,6,3864,696,4560,May 2026,17-May-2026,17-May-2026,May 26,17-Nov-2026,November 2026,,,,386,,644,,
533,(M) SAI ANBALAYAAS MEN'S HOSTEL,RENEWAL PAY,FULL PAYMENT,6383777615,VANDALUR,ANBALAGAN,83,PARTHA,₹10.00,47.37%,BRONZE,3,2490,448,2939,May 2026,18-May-2026,1-May-2026,,1-Aug-2026,August 2026,,,,125,,,,
533,(M) PARK VIEW,RENEWAL PAY,FULL PAYMENT,9400365160,KERALA,SUDEESH,7,PARTHA,₹100.00,50.00%,GOLD - COMMERCIAL,1,700,126,826,May 2026,21-May-2026,17-May-2026,,17-Jun-2026,June 2026,,,,35,,700,,
534,(M) ORANGE CALMS STAYS,RENEWAL PAY,FULL PAYMENT,9080242430,THORAIPAKKAM,SENTHIL ARUMUGAM,111,SANJAY,₹25.00,48.98%,GOLD,3,8325,1499,9823,May 2026,21-May-2026,15-May-2026,,15-Aug-2026,August 2026,,,,416,,2775,,
535,(M) PROPSY HOMES - RESIDENTIAL ,RENEWAL PAY,FULL PAYMENT,8880660000,SIRUCHERI,BHARATH,174,PARTHA,₹70.00,65.00%,GOLD - COMMERCIAL,1,12180,2192,14372,May 2026,21-May-2026,14-May-2026,,14-Jun-2026,June 2026,,,,609,,12180,,
536,(M) SARASWATHI RESIDENCES & COMMERCAL SPACE,FIRST PAY,FULL PAYMENT,9677961201,RS PURAM,Saravanan Ramanathan ,30,SANJAY,₹95.00,52.50%,GOLD - COMMERCIAL,3,8550,1539,10089,May 2026,21-May-2026,1-Jun-2026,May 26,1-Sep-2026,September 2026,,,,855,,2850,,
537,(M) J.P HOSTEL MEN'S PG,RENEWAL PAY,FULL PAYMENT,9940681077,EKKATTUTHANGAL ,KARTHIKEYEN ,42,SANJAY,₹29.00,0.00%,SILVER,1,1218,219,1437,May 2026,22-May-2026,1-May-2026,,1-Jun-2026,June 2026,,,,61,,1218,,
538,(M)  VIVIN TORO LIVINGS,RENEWAL PAY,FULL PAYMENT,8098401235,SRIRUCHERI,Vivin,12,SANJAY,₹29.00,0.00%,SILVER,1,348,63,411,May 2026,25-May-2026,19-May-2026,,19-Jun-2026,June 2026,,,,17,,348,,
539,(M) SRI SAI NIVAS,FIRST PAY,FULL PAYMENT,9840414144,KILPAUK,KANDASAMI,14,SANJAY,₹21.19,26.94%,SILVER,12,3559,641,4200,May 2026,25-May-2026,25-May-2026,May 26,25-May-2027,May 2027,,,,356,,297,,
540,(M) RSMENSPG ,FIRST PAY,FULL PAYMENT,8072610121,PATTABIRAM,RAJESH,24,SANJAY,₹43.00,12.24%,GOLD,3,3096,557,3653,May 2026,29-May-2026,29-May-2026,Jun 26,29-Aug-2026,August 2026,,,,310,,1032,,
541,(M) SARA HOSTEL,RENEWAL PAY,FULL PAYMENT,9159174174,EKAATTUTHANGAL,RAM,147,PARTHA,₹19.00,34.48%,SILVER,1,2793,503,3296,May 2026,29-May-2026,29-May-2026,,29-Jun-2026,June 2026,,,,140,,2793,,
542,(M) VINAYAK MEN'S & WOMEN'S HOSTEL,RENEWAL PAY,FULL PAYMENT,9566098058,SHOLINGANALLUR ,JAYANTHI GANESAN,163,SANJAY,₹30.00,38.78%,GOLD,1,4890,880,5770,June 2026,1-Jun-2026,1-Jun-2026,,1-Jul-2026,July 2026,"₹162,320",,,245,,4890,,
543,(M) BRIGHT STAR HOSTEL,RENEWAL PAY,FULL PAYMENT,8124192392,KODAMBAKKAM,SRINIVASAN,35,SANJAY,₹29.67,0.00%,SILVER,1,1038,187,1225,June 2026,2-Jun-2026,1-Jun-2026,,1-Jul-2026,July 2026,,,,52,,1038,,
544,(M) IN MEN'S AND PG HOSTEL ,RENEWAL PAY,FULL PAYMENT,9626833233,COIMBATORE ,ABIHI,49,PARTHA,₹21.75,25.00%,SILVER,3,3197,576,3772,June 2026,1-Jun-2026,1-May-2026,,1-Aug-2026,August 2026,,,,160,,1066,,
545,(M) Sri Vaishnava Group,RENEWAL PAY,FULL PAYMENT,9840020408,T NAGAR,Kota Thrivikram,52,PARTHA,₹40.00,18.37%,GOLD,1,2080,374,2454,June 2026,2-Jun-2026,1-Jun-2026,,1-Jul-2026,July 2026,,,,104,,2080,,
546,(M) LIVING WORLD. PG,RENEWAL PAY,FULL PAYMENT,9655611355,ANNA NAGAR,RR KUMAR,58,SANJAY,₹29.00,0.00%,SILVER,1,1682,303,1985,June 2026,3-Jun-2026,1-Jun-2026,,1-Jul-2026,July 2026,,,,84,,1682,,
547,(M) SAI SRINIVASA GENT'S PG ,RENEWAL PAY,FULL PAYMENT,8074227209,KARAPAKKAM,S Raghuramireddy,80,PARTHA,₹15.90,45.17%,SILVER,1,1272,229,1501,June 2026,3-Jun-2026,1-Jun-2026,,1-Jul-2026,July 2026,,,,64,,1272,,
548,(M) ZAZEN LIVING ,RENEWAL PAY,FULL PAYMENT,7200841386,THORAIPAKKAM,Prakash Velusamy,63,PARTHA,₹43.00,12.24%,GOLD,3,8127,1463,9590,June 2026,4-Jun-2026,1-Jun-2026,,1-Sep-2026,September 2026,,,,406,,2709,,
549,(M) JEEVA RESIDENCY,RENEWAL PAY,FULL PAYMENT,9363223463,COIMBATORE,Dr Thavamani,83,PARTHA,₹29.00,0.00%,SILVER,1,2407,433,2840,June 2026,5-Jun-2026,1-Jun-2026,,1-Jul-2026,July 2026,,,,120,,2407,,
550,(M) SAS WOMEN'S HOSTEL ,RENEWAL PAY,FULL PAYMENT,9790786053,SHOLINGANALLUR ,ANUSUYA S,120,SANJAY,₹16.10,44.48%,SILVER,3,5797,1043,6840,June 2026,5-Jun-2026,1-Jun-2026,,1-Sep-2026,September 2026,,,,290,,1932,,
551,(M) KR MENS HOSTEL,RENEWAL PAY,FULL PAYMENT,9884668823,SIRUCHERI,SWAGGY,168,PARTHA,₹16.00,44.83%,SILVER,6,16128,2903,19030,June 2026,5-Jun-2026,1-Jun-2026,,1-Dec-2026,December 2026,,,,806,,2688,,
552,(M) DVR MENS HOSTEL,RENEWAL PAY,FULL PAYMENT,7871064647, ANNA NAGAR,SIRANJEEVI,110,PARTHA,₹16.75,42.24%,SILVER,3,5528,995,6523,June 2026,7-Jun-2026,1-Jun-2026,,1-Sep-2026,September 2026,,,,276,,1843,,
553,(M) KEYNESTLIVING,RENEWAL PAY,FULL PAYMENT,9566713607,THORAIPAKKAM,BHUVANESH ,125,PARTHA,₹29.00,0.00%,SILVER,1,3625,653,4277,June 2026,8-Jun-2026,1-Jun-2026,,1-Jul-2026,July 2026,,,,181,,3625,,
554,(M) SRI SAI DELUXE PREMIUM LADIES PG,RENEWAL PAY,FULL PAYMENT,8977722233,THORAIPAKKAM,SUDHAKAR KOLLIREDDY,290,SANJAY,₹7.00,63.16%,BRONZE,6,12180,2192,14371,June 2026,8-Jun-2026,1-Jun-2026,,1-Dec-2026,December 2026,,,,609,,2030,,
555,(M) J.P HOSTEL MEN'S PG,RENEWAL PAY,FULL PAYMENT,9940681077,EKKATTUTHANGAL ,KARTHIKEYEN ,42,SANJAY,₹29.00,0.00%,SILVER,1,1218,219,1437,June 2026,8-Jun-2026,1-Jun-2026,,1-Jul-2026,July 2026,,,,61,,1218,,
556,(M ) CLOUD HOUSE ,RENEWAL PAY,FULL PAYMENT,7022720454,COIMBATORE,SHAKTHI,38,PARTHA,₹49.00,0.00%,GOLD,1,1862,335,2197,June 2026,8-Jun-2026,1-Jun-2026,,1-Jul-2026,July 2026,,,,93,,1862,,
557,(M) GANAPATHI PG,RENEWAL PAY,FULL PAYMENT,7845911909,THORAIPAKKAM,SURIYA,301,SANJAY,₹30.00,38.78%,GOLD,1,9030,1625,10654,June 2026,8-Jun-2026,1-Jun-2026,,1-Jul-2026,July 2026,,,,452,,9030,,
558,(M) ISHA LIVING PG,RENEWAL PAY,FULL PAYMENT,8838388245,PORUR,MADHU SUDHANAN,50,PARTHA,₹20.00,31.03%,SILVER,3,3000,540,3540,June 2026,8-Jun-2026,1-Jun-2026,,1-Sep-2026,September 2026,,,,150,,1000,,
559,(M) SLEEPY STAY,RENEWAL PAY,FULL PAYMENT,7200600615, COIMBATORE,Venkat R,113,PARTHA,₹6.00,68.42%,BRONZE,1,678,122,800,June 2026,8-Jun-2026,1-Jun-2026,,1-Jul-2026,July 2026,,,,34,,678,,
560,(M)  OM SHAKTHI LADIES PG,RENEWAL PAY,FULL PAYMENT,9444400433,THORAIPAKKAM,YOKESH,81,SANJAY,₹29.00,0.00%,SILVER,1,2349,423,2772,June 2026,8-Jun-2026,1-Jun-2026,,1-Jul-2026,July 2026,,,,117,,2349,,
561,(M) JR MENS Hostel,RENEWAL PAY,FULL PAYMENT,8925415772,ANNA NAGAR,RADHAKRISHANAN,65,PARTHA,₹15.00,48.28%,SILVER,3,2925,527,3452,June 2026,9-Jun-2026,1-Jun-2026,,1-Sep-2026,September 2026,,,,146,,975,,
562,(M) T STAYS,RENEWAL PAY,FULL PAYMENT,9500084503,MOGAPPAIR,SATHIYARAJ,172,SANJAY,₹21.00,57.14%,GOLD,1,3612,650,4262,June 2026,10-Jun-2026,1-Jun-2026,,1-Jul-2026,July 2026,,,,181,,3612,,
563,(M) THE GRD GROUP OF HOSTELS,RENEWAL PAY,FULL PAYMENT,9677773637,ANNA NAGAR,SIDDARTH,166,SANJAY,₹29.00,0.00%,SILVER,1,4814,867,5681,June 2026,10-Jun-2026,2-Jun-2026,,2-Jul-2026,July 2026,,,,241,,4814,,
564,(M) BALAJI GROUP OF HOSTEL,RENEWAL PAY,FULL PAYMENT,8838329866,RAMAPURAM ,PRABHAKARAN,112,SANJAY,₹49.00,0.00%,GOLD,1,5488,988,6476,June 2026,11-Jun-2026,5-Jun-2026,,5-Jul-2026,July 2026,,,,274,,5488,,
565,(M) NARUVI PG,PART 04,FULL PAYMENT,9894993015,ANNA NAGAR,NAVANEETHAN,156,SANJAY,₹22.05,55.00%,GOLD,12,41278,7430,12147,June 2026,20-Jun-2026,1-Aug-2025,,1-Aug-2026,August 2026,,,,2064,,3440,,
566,(M) F5 STAYS,RENEWAL PAY,FULL PAYMENT,9597897192,NAVALUR,JANANI,168,SANJAY,₹20.00,31.03%,SILVER,3,10080,1814,11896,June 2026,22-Jun-2026,15-Jun-2026,,15-Sep-2026,September 2026,,,,504,,3360,,
567,(M) PARK VIEW,RENEWAL PAY,FULL PAYMENT,9400365160,KERALA,SUDEESH,6,PARTHA,₹100.00,50.00%,GOLD - COMMERCIAL,1,600,108,708,June 2026,23-Jun-2026,17-Jun-2026,,17-Jul-2026,July 2026,,,,30,,600,,
568,(M)  ASM MEN'S ELITE HOSTEL ,FIRST PAY,FULL PAYMENT,8610869131,MUGALIVAKKAM ,MICHAL,110,SANJAY,₹26.00,10.34%,SILVER,1,2860,515,3375,June 2026,24-Jun-2026,24-Jun-2026,Jun 26,24-Jul-2026,July 2026,,,,286,,2860,,
569,(M)  VIVIN TORO LIVINGS,RENEWAL PAY,FULL PAYMENT,8098401235,SRIRUCHERI,Vivin,12,SANJAY,₹29.00,0.00%,SILVER,1,348,63,411,June 2026,24-Jun-2026,19-Jun-2026,,19-Jul-2026,July 2026,,,,17,,348,,
570,(M)  STEP INN,FIRST PAY,FULL PAYMENT,9884135354,MUGALIVAKKAM ,TIM ELLIOT,30,PARTHA,₹15.00,48.28%,SILVER,6,2700,486,3186,June 2026,26-Jun-2026,26-Jun-2026,Jun 26,26-Dec-2026,December 2026,,,,270,,450,,
571,(M) SARA HOSTEL,RENEWAL PAY,FULL PAYMENT,9159174174,EKAATTUTHANGAL,RAM,147,PARTHA,₹19.00,34.48%,SILVER,1,2793,503,3296,June 2026,29-Jun-2026,29-Jun-2026,,29-Jul-2026,July 2026,,,,140,,2793,,
572,(M) LACASA HOME STAY,FIRST PAY,FULL PAYMENT,8129577397,KERALA,MUHAMMED AKHIL C P,87,PARTHA,₹19.00,0.00%,BRONZE,3,4959,893,5852,June 2026,29-Jun-2026,29-Jun-2026,Jun 26,29-Sep-2026,September 2026,,,,496,,1653,,
573,(M) KJR ELITE PG,FIRST PAY,FULL PAYMENT,9500765835,KARAPAKKAM,SREEJA,70,SANJAY,₹32.20,34.29%,GOLD,6,13524,2434,15958,July 2026,1-Jul-2026,16-Jun-2026,Jun 26,16-Dec-2026,December 2026,"₹339,816","₹592,861",,1352,,2254,,
574,(M) EASVARI PG GIRLS HOSTEL ( Accomodation For Women),FIRST PAY,FULL PAYMENT,7824032322,VELACHERY,KANNAN,200,PARTHA,₹15.00,48.28%,SILVER,12,36000,6480,42480,July 2026,4-Jul-2026,6-Jul-2026,Jul 26,6-Jul-2027,July 2027,,,,3600,,3000,,
575,(M) RAAGA NIVAS,RENEWAL PAY,FULL PAYMENT,9000305550,CHENNAI,NITI,7,PARTHA,₹49.00,0.00%,GOLD,3,1029,185,1214,July 2026,1-Jul-2026,1-Jul-2026,,1-Oct-2026,October 2026,,,,51,,343,,
576,(M) BRIGHT STAR HOSTEL,RENEWAL PAY,FULL PAYMENT,8124192392,KODAMBAKKAM,SRINIVASAN,32,SANJAY,₹29.00,0.00%,SILVER,1,928,167,1198,July 2026,2-Jul-2026,1-Jul-2026,,1-Aug-2026,August 2026,,,,46,,928,,
577,(M) Sri Vaishnava Group,RENEWAL PAY,FULL PAYMENT,9840020408,T NAGAR,Kota Thrivikram,53,PARTHA,₹40.00,18.37%,GOLD,1,2120,382,2502,July 2026,2-Jul-2026,1-Jul-2026,,1-Aug-2026,August 2026,,,,106,,2120,,
578,(M) VINAYAK MEN'S & WOMEN'S HOSTEL,RENEWAL PAY,FULL PAYMENT,9566098058,SHOLINGANALLUR ,JAYANTHI GANESAN,163,SANJAY,₹30.00,38.78%,GOLD,1,4890,880,5770,July 2026,2-Jul-2026,1-Jul-2026,,1-Aug-2026,August 2026,,,,245,,4890,,
579,(M) MUTHU FINANCE ,RENEWAL PAY,FULL PAYMENT,9842334040,COIMBATORE,AKIL ANANATH,100,PARTHA,₹25.00,48.98%,GOLD,6,15000,2700,17700,July 2026,3-Jul-2026,1-Jul-2026,,1-Jan-2027,January 2027,,,,750,,2500,,
580,(M) RAMYA RESIDENCY ,RENEWAL PAY,FULL PAYMENT,9494510683, PERUNGUDI ,VARUN KUMAR,323,SANJAY,₹16.00,44.83%,SILVER,6,31008,5581,36589,July 2026,3-Jul-2026,1-Jul-2026,,1-Jan-2027,January 2027,,,,1550,,5168,,
581,(M) LIVING WORLD. PG,RENEWAL PAY,FULL PAYMENT,9655611355,ANNA NAGAR,RR KUMAR,59,SANJAY,₹29.00,0.00%,SILVER,1,1711,308,2019,July 2026,4-Jul-2026,1-Jul-2026,,1-Aug-2026,August 2026,,,,86,,1711,,
582,(M) ASIAN GROUPS ,RENEWAL PAY,FULL PAYMENT,9790995745,CHENNAI,ZOHARUL AMEENUDEEN,12,PARTHA,₹95.00,52.50%,GOLD - COMMERCIAL,3,3420,616,4036,July 2026,5-Jul-2026,1-Jul-2026,,1-Oct-2026,October 2026,,,,171,,1140,,
583,(M)  OM SHAKTHI LADIES PG,RENEWAL PAY,FULL PAYMENT,9444400433,THORAIPAKKAM,YOKESH,81,SANJAY,₹29.00,0.00%,SILVER,1,2349,423,2772,July 2026,6-Jul-2026,1-Jul-2026,,1-Aug-2026,August 2026,,,,117,,2349,,
584,(M) TOWNY STAYS,RENEWAL PAY,FULL PAYMENT,9092594259,PORUR,VIGNESH,60,SANJAY,₹30.00,38.78%,GOLD,12,21600,3888,25490,July 2026,6-Jul-2026,1-Jul-2026,,1-Jul-2027,July 2027,,,,1080,,1800,,
585,(M) AMBIKA NEST WOMENS HOSTEL,RENEWAL PAY,FULL PAYMENT,7418025005,SIRUSERI SIPCOT,SURESH KUMAR R S,850,PARTHA,₹13.87,52.17%,SILVER,6,70737,12733,83431,July 2026,6-Jul-2026,1-Jul-2026,,1-Jan-2027,January 2027,,,,3537,,11790,,
586,(M) SK GENTS PG,RENEWAL PAY,FULL PAYMENT,9894126609,COIMBATORE,KARTHIKEYAN,271,PARTHA,₹10.00,47.37%,BRONZE,12,32520,5854,38372,July 2025,6-Jul-2026,1-Jul-2026,,1-Jul-2027,July 2027,,,,1626,,2710,,
587,(M) SAI SRINIVASA GENT'S PG ,RENEWAL PAY,FULL PAYMENT,8074227209,KARAPAKKAM,S Raghuramireddy,80,PARTHA,₹15.90,45.17%,SILVER,1,1272,229,1501,July 2026,6-Jul-2026,1-Jul-2026,,1-Aug-2026,August 2026,,,,64,,1272,,
588,(M) KEYNESTLIVING,RENEWAL PAY,FULL PAYMENT,9566713607,THORAIPAKKAM,BHUVANESH ,126,PARTHA,₹29.00,0.00%,SILVER,1,3654,658,4312,July 2026,7-Jul-2026,1-Jul-2026,,1-Aug-2026,August 2026,,,,183,,3654,,
589,(M ) CLOUD HOUSE ,RENEWAL PAY,FULL PAYMENT,7022720454,COIMBATORE,SHAKTHI,38,PARTHA,₹49.00,0.00%,GOLD,1,1862,335,2197,July 2026,7-Jul-2026,1-Jul-2026,,1-Aug-2026,August 2026,,,,93,,1862,,
590,(M) NEUOME,RENEWAL PAY,FULL PAYMENT,9952915030,VELEPPANCHAVADI,SATHYANARAYANAN N S,68,SANJAY,₹30.00,38.78%,GOLD,6,12240,2203,14443,July 2026,7-Jul-2026,7-Jul-2026,,7-Jan-2027,January 2027,,,,612,,2040,,
591,(M) SLEEPY STAY,RENEWAL PAY,FULL PAYMENT,7200600615, COIMBATORE,Venkat R,113,PARTHA,₹6.00,68.42%,BRONZE,1,678,122,800,July 2026,7-Jul-2026,1-Jul-2026,,1-Aug-2026,August 2026,,,,34,,678,,
592,(M) GANAPATHI PG,RENEWAL PAY,FULL PAYMENT,7845911909,THORAIPAKKAM,SURIYA,331,SANJAY,₹30.00,38.78%,GOLD,1,9930,1787,11716,July 2026,8-Jul-2026,1-Jul-2026,,1-Aug-2026,August 2026,,,,497,,9930,,
593,(M) SAI HOMES,RENEWAL PAY,FULL PAYMENT,8248389091,CHROMPET,RAVI KUMAR,18,SANJAY,₹29.00,0.00%,SILVER,1,522,94,616,July 2026,8-Jul-2026,8-Jul-2026,,8-Aug-2026,August 2026,,,,26,,522,,
594,(M) KRISHNALAYAM PG,RENEWAL PAY,FULL PAYMENT,7299078300,VELACHERY,RAMA KRISHNAN,199,PARTHA,₹30.00,38.78%,GOLD,3,16013,3680,19693,July 2026,8-Jul-2026,1-Jul-2026,,1-Oct-2026,October 2026,,,,801,,5338,,
595,(M)  PURPLE STAY WOMENS HOSTEL,BED TOP UP,FULL PAYMENT,8148233546,THIRUVERKADU,Varalakshmi,24,PARTHA,₹25.42,48.12%,GOLD,1,610,110,720,July 2026,8-Jul-2026,14-Jun-2026,,14-Jul-2026,July 2026,,,,31,,610,,
595,(M) T STAYS,RENEWAL PAY,FULL PAYMENT,9500084503,MOGAPPAIR,SATHIYARAJ,173,SANJAY,₹21.00,57.14%,GOLD,1,3633,654,4287,July 2026,10-Jul-2026,1-Jul-2026,,1-Aug-2026,August 2026,,,,182,,3633,,
596,(M) JEEVA RESIDENCY,RENEWAL PAY,FULL PAYMENT,9363223463,COIMBATORE,Dr Thavamani,91,PARTHA,₹29.00,0.00%,SILVER,1,2639,475,3114,July 2026,10-Jul-2026,1-Jul-2026,,1-Aug-2026,August 2026,,,,132,,2639,,
597,(M) KALYANI PG ,RENEWAL PAY,FULL PAYMENT,9715000044,SIRUCHERI,K RAMA SUBBA REDDY,270,SANJAY,₹14.50,50.00%,SILVER,3,11745,2114,13818,July 2026,11-Jul-2026,1-Jul-2026,,1-Oct-2026,October 2026,,,,587,,3915,,
598,(M) THE GRD GROUP OF HOSTELS,RENEWAL PAY,FULL PAYMENT,9677773637,ANNA NAGAR,SIDDARTH,166,SANJAY,₹26.00,10.34%,SILVER,3,12948,2331,15278,July 2026,12-Jul-2026,2-Jul-2026,,2-Oct-2026,October 2026,,,,647,,4316,,
599,(M) BALAJI GROUP OF HOSTEL,RENEWAL PAY,FULL PAYMENT,8838329866,RAMAPURAM ,PRABHAKARAN,112,SANJAY,₹49.00,0.00%,GOLD,1,5488,988,6476,July 2026,13-Jul-2026,5-Jul-2026,,5-Aug-2026,August 2026,,,,274,,5488,,
600,(M) HUBU STAYS ,FIRST PAY,FULL PAYMENT,9042375769,MUGALIVAKKAM,MANOJ,65,SANJAY,₹49.00,0.00%,GOLD,1,3185,573,3758,July 2026,13-Jul-2026,8-Jul-2026,Jul 26,8-Aug-2026,August 2026,,,,319,,3185,,
601,(M) PARK VIEW,RENEWAL PAY,FULL PAYMENT,9400365160,KERALA,SUDEESH,6,PARTHA,₹100.00,50.00%,GOLD - COMMERCIAL,1,600,108,708,July 2026,17-Jul-2026,17-Jul-2026,,17-Aug-2026,August 2026,,,,30,,600,,
602,(M) YOSHITA GROUP OF HOSTELS ,RENEWAL PAY,FULL PAYMENT,9494344494,PADUR,A Bhargava Reddy,143,SANJAY,₹13.00,55.17%,SILVER,3,5577,1004,6581,July 2026,19-Jul-2026,15-Jul-2026,,15-Oct-2026,October 2026,,,,279,,1859,,
217,(M) RYD LIVING CONCEPTS PRIVATE LIMITED,RENEWAL PAY,FULL PAYMENT,9789968710,AMBUTTUR,PREM ANAND,166,SANJAY,₹25.00,48.98%,GOLD,12,49800,8964,58764,July 2026,21-Jul-2026,1-Jul-2026,,1-Jul-2027,July 2027,,,,2490,,4150,,
603,(M) SRINIVASA GROUP OF HOSTEL,RENEWAL PAY,FULL PAYMENT,7842579035,PADUR,Srikanth Reddy,49,SANJAY,₹13.00,55.17%,SILVER,3,1911,344,2255,July 2026,22-Jul-2026,15-Jul-2026,,15-Oct-2026,October 2026,,,,96,,637,,
604,(M) SARA HOSTEL,RENEWAL PAY,FULL PAYMENT,9159174174,EKAATTUTHANGAL,RAM,148,PARTHA,₹19.00,34.48%,SILVER,1,2812,506,3318,July 2026,22-Jul-2026,16-Jul-2026,,16-Aug-2026,August 2026,,,,141,,2812,,
605,(M) FAMCO.LIVING ,BED TOP UP,FULL PAYMENT,7736365500,KERALA,ROHIN RK,66,PARTHA,₹38.00,22.45%,GOLD,1,2508,451,2959,July 2026,23-Jul-2026,4-Jul-2026,,4-Aug-2026,August 2026,,,,125,,2508,,
605,(M)  VIVIN TORO LIVINGS,RENEWAL PAY,FULL PAYMENT,8098401235,SRIRUCHERI,Vivin,24,SANJAY,₹29.00,0.00%,SILVER,1,696,125,821,July 2026,26-Jul-2026,19-Jul-2026,,19-Aug-2026,August 2026,,,,35,,696,,
606,(M)  ASM MEN'S ELITE HOSTEL ,RENEWAL PAY,FULL PAYMENT,8610869131,MUGALIVAKKAM ,MICHAL,110,SANJAY,₹26.00,10.34%,SILVER,1,2860,515,3375,July 2026,31-Jul-2026,24-Jul-2026,,24-Aug-2026,August 2026,,,,143,,2860,,
607,(M) VINAYAK MEN'S & WOMEN'S HOSTEL,RENEWAL PAY,FULL PAYMENT,9566098058,SHOLINGANALLUR ,JAYANTHI GANESAN,163,SANJAY,₹30.00,38.78%,GOLD,1,4890,880,5770,Aug 2026,1-Aug-2026,1-Aug-2026,,1-Sep-2026,September 2026,"₹253,045",,,245,,4890,,
608,(M) Sri Vaishnava Group,RENEWAL PAY,FULL PAYMENT,9840020408,T NAGAR,Kota Thrivikram,53,PARTHA,₹40.00,18.37%,GOLD,1,2120,382,2502,Aug 2026,1-Aug-2026,1-Aug-2026,,1-Sep-2026,September 2026,,,,106,,2120,,
609,(M) RAJESHWARI LADIES HOSTEL  ,FIRST PAY,FULL PAYMENT,7373777750,ANNA NAGAR,SANGEETHA BALAKUMARAN,62,SANJAY,₹29.00,0.00%,SILVER,1,1798,324,2122,Aug 2026,1-Aug-2026,1-Aug-2026,Aug 26,1-Sep-2026,September 2026,,,,180,,1798,,
610,(M) EASVARI PG GIRLS HOSTEL ( Accomodation For Women),PART 02,FULL PAYMENT,7824032322,VELACHERY,KANNAN,200,PARTHA,₹15.00,48.28%,SILVER,12,36000,6480,42480,Aug 2026,4-Aug-2026,6-Jul-2026,,6-Jul-2027,July 2027,,,,1800,,3000,,
611,(M) VBS TOWERS ,RENEWAL PAY,FULL PAYMENT,9489009494,COIMBATORE,DINESH,41,PARTHA,₹49.00,0.00%,GOLD,3,6027,1085,7112,Aug 2026,4-Aug-2026,1-Aug-2026,,1-Nov-2026,November 2026,,,,301,,2009,,
612,(M) GD MEN'S PG ,RENEWAL PAY,FULL PAYMENT,7550157955,ANNA NAGAR,SENTHIL SEKAR,74,PARTHA,₹30.00,38.78%,GOLD,12,26640,4795,31433,Aug 2025,5-Aug-2026,1-Aug-2026,,1-Aug-2027,August 2027,,,,1332,,2220,,
613,(M) LIVING WORLD. PG,RENEWAL PAY,FULL PAYMENT,9655611355,ANNA NAGAR,RR KUMAR,58,SANJAY,₹29.00,0.00%,SILVER,1,1682,303,1985,Aug 2025,6-Aug-2026,1-Aug-2026,,1-Sep-2026,September 2026,,,,84,,1682,,
614,(M) BRIGHT STAR HOSTEL,RENEWAL PAY,FULL PAYMENT,8124192392,KODAMBAKKAM,SRINIVASAN,32,SANJAY,₹29.00,0.00%,SILVER,1,928,167,1198,Aug 2025,6-Aug-2026,1-Aug-2026,,1-Sep-2026,September 2026,,,,46,,928,,
615,(M)  NATIONAL MEN'S HOSTEL,RENEWAL PAY,FULL PAYMENT,9789008563,EKAATTUTHANGAL,RAJESH,350,PARTHA,₹13.85,52.24%,SILVER,3,14543,2618,17111,Aug 2026,6-Aug-2026,1-Aug-2026,,1-Nov-2026,November 2026,,,,727,,4848,,
616,(M) SAI SRINIVASA GENT'S PG ,RENEWAL PAY,FULL PAYMENT,8074227209,KARAPAKKAM,S Raghuramireddy,80,PARTHA,₹15.90,45.17%,SILVER,1,1272,229,1501,Aug 2026,6-Aug-2026,1-Aug-2026,,1-Sep-2026,September 2026,,,,64,,1272,,
617,(M) PROPSY HOMES - ARDENWOOD PG,RENEWAL PAY,FULL PAYMENT,8925980510,SIRUCHERI,BHARATH,83,PARTHA,₹30.00,38.78%,GOLD,12,29880,5378,35256,Aug 2026,7-Aug-2026,1-Aug-2026,,1-Aug-2027,August 2027,,,,1494,,2490,,
618,(M) SLEEPY STAY,RENEWAL PAY,FULL PAYMENT,7200600615, COIMBATORE,Venkat R,113,PARTHA,₹6.00,68.42%,BRONZE,1,678,122,800,Aug 2026,7-Aug-2026,1-Aug-2026,,1-Sep-2026,September 2026,,,,34,,678,,
619,(M) KEYNESTLIVING,RENEWAL PAY,FULL PAYMENT,9566713607,THORAIPAKKAM,BHUVANESH ,126,PARTHA,₹29.00,0.00%,SILVER,1,3654,658,4312,Aug 2026,7-Aug-2026,1-Aug-2026,,1-Sep-2026,September 2026,,,,183,,3654,,
620,(M ) CLOUD HOUSE ,RENEWAL PAY,FULL PAYMENT,7022720454,COIMBATORE,SHAKTHI,39,PARTHA,₹49.00,0.00%,GOLD,1,1911,344,2255,Aug 2026,7-Aug-2026,1-Aug-2026,,1-Sep-2026,September 2026,,,,96,,1911,,
621,(M) FLORA MEN'S HOSTEL,RENEWAL PAY,FULL PAYMENT,9884985953,TAMBARAM,JAWAHARDEEN M A,149,SANJAY,₹10.00,47.37%,BRONZE,3,4470,805,5275,Aug 2026,7-Aug-2026,1-Aug-2026,,1-Nov-2026,November 2026,,,,224,,1490,,
622,(M) T STAYS,RENEWAL PAY,FULL PAYMENT,9500084503,MOGAPPAIR,SATHIYARAJ,177,SANJAY,₹21.00,57.14%,GOLD,1,3717,669,4386,Aug 2026,7-Aug-2026,1-Aug-2026,,1-Sep-2026,September 2026,,,,186,,3717,,
623,(M) SKY GRAND MEN'S PG & HOSTEL ,RENEWAL PAY,FULL PAYMENT,8681815001,COIMBATORE ,ABHIJITH,143,PARTHA,₹19.00,34.48%,SILVER,3,8151,1467,9618,Aug 2026,7-Aug-2026,1-Aug-2026,,1-Nov-2026,November 2026,,,,408,,2717,,
624,(M) RIYA HOSTEL,RENEWAL PAY,FULL PAYMENT,9047444323,PERUNGUDI,Ravi chandiran,215,SANJAY,₹15.00,48.28%,SILVER,3,9675,1742,11415,Aug 2026,10-Aug-2026,1-Aug-2026,,1-Nov-2026,November 2026,,,,484,,3225,,
625,(M) FELL@HOME,RENEWAL PAY,FULL PAYMENT,9094225025,MUGALIVAKKAM ,Saravanan S,22,PARTHA,₹15.00,48.28%,SILVER,3,990,178,1168,Aug 2026,10-Aug-2026,1-Aug-2026,,1-Nov-2026,November 2026,,,,50,,330,,
626,(M)  SRI SASTHA GENTS PG ,RENEWAL PAY,FULL PAYMENT,7358358373,THORAIPAKKAM ,RAJAN,52,SANJAY,₹16.95,41.56%,SILVER,6,5288,952,6240,Aug 2026,11-Aug-2026,1-Aug-2026,,1-Feb-2027,February 2027,,,,264,,881,,
627,(M) BALAJI GROUP OF HOSTEL,RENEWAL PAY,FULL PAYMENT,8838329866,RAMAPURAM ,PRABHAKARAN,112,SANJAY,₹49.00,0.00%,GOLD,1,5488,988,6476,Aug 2026,11-Aug-2026,1-Aug-2026,,1-Sep-2026,September 2026,,,,274,,5488,,
628,(M) DEEKSHITA GENTS PG ,FIRST PAY,FULL PAYMENT,9361996426,NANDAMBAKKAM,MOHAN REDDY,100,SANJAY,₹29.00,0.00%,SILVER,1,2900,522,3422,Aug 2026,11-Aug-2026,1-Aug-2026,Aug 26,1-Sep-2026,September 2026,,,,290,,2900,,
629,(M)  PURPLE STAY WOMENS HOSTEL,RENEWAL PAY,FULL PAYMENT,8148233546,THIRUVERKADU,Varalakshmi,52,PARTHA,₹25.42,48.12%,GOLD,1,1322,238,1560,Aug 2026,11-Aug-2026,14-Jul-2026,,14-Aug-2026,August 2026,,,,66,,1322,,
630,(M) JEEVA RESIDENCY,RENEWAL PAY,FULL PAYMENT,9363223463,COIMBATORE,Dr Thavamani,91,PARTHA,₹29.00,0.00%,SILVER,1,2639,475,3114,Aug 2026,12-Aug-2026,1-Aug-2026,,1-Sep-2026,September 2026,,,,132,,,,
631,(M) HUBU STAYS ,RENEWAL PAY,FULL PAYMENT,9042375769,MUGALIVAKKAM,MANOJ,149,SANJAY,₹49.00,0.00%,GOLD,1,7301,1314,8615,Aug 2026,14-Aug-2026,8-Aug-2026,,8-Sep-2026,September 2026,,,,365,,7301,,
632,(M) SRI BALAJI PG'S,FIRST PAY,FULL PAYMENT,9000085028,BANGLORE ,Ramamohan reddy,106,PARTHA,₹13.00,55.17%,SILVER,6,8268,1488,9756,Aug 2026,19-Aug-2026,16-Aug-2026,Aug 26,16-Feb-2027,February 2027,,,,827,,1378,,
633,(M) BE INFINITY MEN'S HOSTEL,RENEWAL PAY,FULL PAYMENT,8939090198,ANNA NAGAR,SUDHAKAR,139,SANJAY,₹25.00,13.79%,SILVER,1,3475,626,4100,Aug 2026,19-Aug-2026,18-Aug-2026,,18-Sep-2026,September 2026,,,,174,,3475,,
634,(M) ORANGE CALMS STAYS,RENEWAL PAY,FULL PAYMENT,9080242430,THORAIPAKKAM,SENTHIL ARUMUGAM,111,SANJAY,₹25.00,48.98%,GOLD,3,8325,1499,9823,Aug 2026,19-Aug-2026,15-Aug-2026,,15-Nov-2026,November 2026,,,,416,,2775,,
635,(M) FAMCO.LIVING ,RENEWAL PAY,FULL PAYMENT,7736365500,KERALA,ROHIN RK,211,PARTHA,₹33.00,32.65%,GOLD,1,6963,1253,8215,Aug 2026,20-Aug-2026,5-Aug-2026,,5-Sep-2026,September 2026,,,,348,,6963,,
636,(M) PARK VIEW,RENEWAL PAY,FULL PAYMENT,9400365160,KERALA,SUDEESH,6,PARTHA,₹100.00,50.00%,GOLD - COMMERCIAL,1,600,108,708,Aug 2026,21-Aug-2026,17-Aug-2026,,17-Sep-2026,September 2026,,,,30,,600,,
637,(M) SARA HOSTEL,RENEWAL PAY,FULL PAYMENT,9159174174,EKAATTUTHANGAL,RAM,148,PARTHA,₹19.00,34.48%,SILVER,1,2812,506,3318,Aug 2026,28-Aug-2026,16-Aug-2026,,16-Sep-2026,September 2026,,,,141,,2812,,
637,(M)  VIVIN TORO LIVINGS,RENEWAL PAY,FULL PAYMENT,8098401235,SRIRUCHERI,Vivin,24,SANJAY,₹29.00,0.00%,SILVER,1,696,125,821,Sep 2026,1-Sep-2026,19-Aug-2026,,19-Sep-2026,September 2026,"₹203,837",,,35,,696,,
643,(M) JEEVA RESIDENCY,RENEWAL PAY,FULL PAYMENT,9363223463,COIMBATORE,Dr Thavamani,91,PARTHA,₹29.00,0.00%,SILVER,1,2639,475,3114,Sep 2026,2-Sep-2026,1-Sep-2026,,1-Oct-2026,October 2026,,,,132,,2639,,
638,(M) VINAYAK MEN'S & WOMEN'S HOSTEL,RENEWAL PAY,FULL PAYMENT,9566098058,SHOLINGANALLUR ,JAYANTHI GANESAN,163,SANJAY,₹30.00,38.78%,GOLD,1,4890,880,5770,Sep 2026,2-Sep-2026,1-Sep-2026,,1-Oct-2026,October 2026,,,,245,,4890,,
639,(M) SANJAY MANSION ,RENEWAL PAY,FULL PAYMENT,8110889900,COIMBATORE,NANDAGOPAL,134,PARTHA,₹16.10,44.48%,SILVER,12,25892,4661,30550,Sep 2025,3-Sep-2026,1-Sep-2026,,1-Sep-2027,September 2027,,,,1295,,2158,,
640,(M) IN MEN'S AND PG HOSTEL ,RENEWAL PAY,FULL PAYMENT,9626833233,COIMBATORE ,ABIHI,49,PARTHA,₹21.75,25.00%,SILVER,3,3197,576,3772,Sep 2025,3-Sep-2026,1-Aug-2026,,1-Nov-2026,November 2026,,,,160,,1066,,
641,(M) SAI SRINIVASA GENT'S PG ,RENEWAL PAY,FULL PAYMENT,8074227209,KARAPAKKAM,S Raghuramireddy,80,PARTHA,₹15.90,45.17%,SILVER,1,1272,229,1501,Sep 2025,3-Sep-2026,1-Sep-2026,,1-Oct-2026,October 2026,,,,64,,1272,,
642,(M) Sri Vaishnava Group,RENEWAL PAY,FULL PAYMENT,9840020408,T NAGAR,Kota Thrivikram,52,PARTHA,₹40.00,18.37%,GOLD,1,2080,374,2454,Sep 2026,3-Sep-2026,1-Sep-2026,,1-Oct-2026,October 2026,,,,104,,2080,,
643,(M) RAJESHWARI LADIES HOSTEL  ,RENEWAL PAY,FULL PAYMENT,7373777750,ANNA NAGAR,SANGEETHA BALAKUMARAN,62,SANJAY,₹29.00,0.00%,SILVER,1,1798,324,2122,Sep 2026,4-Sep-2026,1-Sep-2026,,1-Oct-2026,October 2026,,,,90,,1798,,
643,(M) RSMENSPG ,RENEWAL PAY,FULL PAYMENT,8072610121,PATTABIRAM,RAJESH,24,SANJAY,₹43.00,12.24%,GOLD,3,3096,557,3653,Sep 2026,4-Sep-2026,1-Sep-2026,,1-Dec-2026,December 2026,,,,155,,1032,,
644,(M) KEYNESTLIVING,RENEWAL PAY,FULL PAYMENT,9566713607,THORAIPAKKAM,BHUVANESH ,126,PARTHA,₹29.00,0.00%,SILVER,1,3654,658,4312,Sep 2026,4-Sep-2026,1-Sep-2026,,1-Oct-2026,October 2026,,,,183,,3654,,
645,(M) ZAZEN LIVING ,RENEWAL PAY,FULL PAYMENT,7200841386,THORAIPAKKAM,Prakash Velusamy,62,PARTHA,₹43.00,12.24%,GOLD,3,7998,1440,9438,Sep 2026,4-Sep-2026,1-Sep-2026,,1-Dec-2026,December 2026,,,,400,,2666,,
646,(M) LIVING WORLD. PG,RENEWAL PAY,FULL PAYMENT,9655611355,ANNA NAGAR,RR KUMAR,58,SANJAY,₹29.00,0.00%,SILVER,1,1682,303,1985,Sep 2026,5-Sep-2026,1-Sep-2026,,1-Oct-2026,October 2026,,,,84,,1682,,
647,(M) MANIFEST PG,FIRST PAY,FULL PAYMENT,9514308789,PORUR,THILAK ,60,SANJAY,₹25.42,48.11%,GOLD,6,9153,1647,10800,Sep 2026,5-Sep-2026,1-Sep-2026,Sep 26,1-Mar-2027,March 2027,,,,915,,1525,,
648,(M) JR MENS Hostel,RENEWAL PAY,FULL PAYMENT,8925415772,ANNA NAGAR,RADHAKRISHANAN,118,PARTHA,₹15.00,48.28%,SILVER,3,5310,956,6267,Sep 2026,6-Sep-2026,1-Sep-2026,,1-Dec-2026,December 2026,,,,266,,1770,,
649,(M) DVR MENS HOSTEL,RENEWAL PAY,FULL PAYMENT,7871064647, ANNA NAGAR,SIRANJEEVI,110,PARTHA,₹16.75,42.24%,SILVER,3,5528,995,6523,Sep 2026,6-Sep-2026,1-Sep-2026,,1-Dec-2026,December 2026,,,,276,,1843,,
649,(M) BRIGHT STAR HOSTEL,RENEWAL PAY,FULL PAYMENT,8124192392,KODAMBAKKAM,SRINIVASAN,32,SANJAY,₹29.00,0.00%,SILVER,1,928,167,1198,Sep 2026,7-Sep-2026,1-Sep-2026,,1-Oct-2026,October 2026,,,,46,,928,,
650,(M ) CLOUD HOUSE ,RENEWAL PAY,FULL PAYMENT,7022720454,COIMBATORE,SHAKTHI,38,PARTHA,₹49.00,0.00%,GOLD,1,1862,335,2197,Sep 2026,7-Sep-2026,1-Sep-2026,,1-Oct-2026,October 2026,,,,93,,1862,,
651,(M) SLEEPY STAY,RENEWAL PAY,FULL PAYMENT,7200600615, COIMBATORE,Venkat R,113,PARTHA,₹6.00,68.42%,BRONZE,1,678,122,800,Sep 2026,7-Sep-2026,1-Sep-2026,,1-Oct-2026,October 2026,,,,34,,678,,
652,(M) GTR PG,RENEWAL PAY,FULL PAYMENT,9345319319,NAVALUR,Thrivenureddy,130,SANJAY,₹14.70,49.30%,SILVER,6,11468,2064,13533,Sep 2026,9-Sep-2026,1-Sep-2026,,1-Mar-2027,March 2027,,,,573,,1911,,
653,(M) VELS MENS HOSTEL,RENEWAL PAY,FULL PAYMENT,9962966533,PORUR,THANIGAIVEL NAGARAJAN,390,PARTHA,₹15.00,48.28%,SILVER,6,35100,6318,41418,Sep 2026,9-Sep-2026,1-Sep-2026,,1-Mar-2027,March 2027,,,,1755,,5850,,
654,(M) T STAYS,RENEWAL PAY,FULL PAYMENT,9500084503,MOGAPPAIR,SATHIYARAJ,180,SANJAY,₹21.00,57.14%,GOLD,1,3780,680,4460,Sep 2026,10-Sep-2026,1-Sep-2026,,1-Oct-2026,October 2026,,,,189,,3780,,
655,(M) NARUVI PG,RENEWAL PAY,FULL PAYMENT,9894993015,ANNA NAGAR,NAVANEETHAN,155,SANJAY,₹22.05,55.00%,GOLD,1,3418,615,4033,Sep 2026,12-Sep-2026,1-Sep-2026,,1-Oct-2026,October 2026,,,,171,,3418,,
656,(M) FAMCO.LIVING ,RENEWAL PAY,FULL PAYMENT,7736365500,KERALA,ROHIN RK,219,PARTHA,₹33.00,32.65%,GOLD,1,7227,1301,8528,Sep 2026,12-Sep-2026,5-Sep-2026,,5-Oct-2026,October 2026,,,,361,,7227,,
656,(M) HUBU STAYS ,RENEWAL PAY,FULL PAYMENT,9042375769,MUGALIVAKKAM,MANOJ,157,SANJAY,₹49.00,0.00%,GOLD,1,7693,1385,9078,Sep 2026,15-Sep-2026,8-Sep-2026,,8-Oct-2026,October 2026,,,,385,,7693,,
657,(M) HAPPY LIVING WOMEN'S HOSTEL,RENEWAL PAY,FULL PAYMENT,9003578181,COIMBATORE,SOMASUNDHARAM,112,PARTHA,₹14.00,51.72%,SILVER,6,9408,1693,11103,Sep 2026,17-Sep-2026,1-Sep-2026,,1-Mar-2027,March 2027,,,,470,,1568,,
658,(M) NAVAGRAHA PG,FIRST PAY,FULL PAYMENT,9789456778,MEL AYANAMBAKKAM,LAKSHMI PRIYA,131,PARTHA,₹19.00,34.48%,SILVER,1,2489,448,2937,Sep 2026,19-Sep-2026,19-Sep-2026,Sep 26,19-Oct-2026,October 2026,,,,249,,2489,,
659,(M) F5 STAYS,RENEWAL PAY,FULL PAYMENT,9597897192,NAVALUR,JANANI,152,SANJAY,₹20.00,31.03%,SILVER,3,9120,1642,10763,Sep 2026,22-Sep-2026,15-Sep-2026,,15-Dec-2026,December 2026,,,,456,,3040,,
660,(M) PARK VIEW,RENEWAL PAY,FULL PAYMENT,9400365160,KERALA,SUDEESH,6,PARTHA,₹100.00,50.00%,GOLD - COMMERCIAL,1,600,108,708,Sep 2026,23-Sep-2026,17-Sep-2026,,17-Oct-2026,October 2026,,,,30,,600,,
